problem,step,t,h,err_est
harmonic,0,0,0.01,1.2820647e-13
harmonic,1,0.01,0.02,4.1026731e-12
harmonic,2,0.03,0.04,1.3128204e-10
harmonic,3,0.07,0.08,4.1995523e-09
harmonic,4,0.15,0.16,1.3412865e-07
harmonic,5,0.31,0.22697822,7.556106e-07
harmonic,6,0.53697822,0.23466652,8.2501368e-07
harmonic,7,0.77164474,0.24397982,8.651342e-07
harmonic,8,1.0156246,0.25562608,1.1184899e-06
harmonic,9,1.2712506,0.24484664,1.0473712e-06
harmonic,10,1.5160973,0.22991976,8.1861957e-07
harmonic,11,1.746017,0.22241295,6.9722135e-07
harmonic,12,1.96843,0.22969875,7.8316813e-07
harmonic,13,2.1981287,0.23809203,8.4555169e-07
harmonic,14,2.4362208,0.24815871,8.6773122e-07
harmonic,15,2.6843795,0.2552238,1.187124e-06
harmonic,16,2.9396033,0.23879454,9.5734785e-07
harmonic,17,3.1783978,0.2248713,7.3897305e-07
harmonic,18,3.4032691,0.225131,7.3240458e-07
harmonic,19,3.6284001,0.23284204,8.1134184e-07
harmonic,20,3.8612422,0.24179027,8.6010178e-07
harmonic,21,4.1030324,0.2528055,1.0137483e-06
harmonic,22,4.3558379,0.24840045,1.0967851e-06
harmonic,23,4.6042384,0.23301073,8.6716473e-07
harmonic,24,4.8372491,0.2208985,6.7603406e-07
harmonic,25,5.0581476,0.22792497,7.6479022e-07
harmonic,26,5.2860726,0.23603912,8.3409215e-07
harmonic,27,5.5221117,0.2456383,8.6723844e-07
harmonic,28,5.76775,0.25780004,1.2006557e-06
harmonic,29,6.0255501,0.24235327,1.0116943e-06
harmonic,30,6.2679033,0.22771738,7.8391727e-07
harmonic,31,6.4956207,0.22356411,7.1256852e-07
harmonic,32,6.7191848,0.23103544,7.9584642e-07
harmonic,33,6.9502203,0.23965498,8.5264745e-07
harmonic,34,7.1898752,0.25010528,9.154657e-07
harmonic,35,7.4399805,0.25219969,1.1477942e-06
harmonic,36,7.6921802,0.23625505,9.1786099e-07
harmonic,37,7.9284353,0.22286508,7.0731351e-07
harmonic,38,8.1513003,0.22629713,7.4639027e-07
harmonic,39,8.3775975,0.2341788,8.215846e-07
harmonic,40,8.6117763,0.2433881,8.6403065e-07
harmonic,41,8.8551643,0.25485861,1.0897897e-06
harmonic,42,9.110023,0.24577547,1.0604526e-06
harmonic,43,9.3557984,0.23073296,8.314158e-07
harmonic,44,9.5865314,0.22200287,6.9159988e-07
harmonic,45,9.8085343,0.22922038,7.7838766e-07
harmonic,46,10.037755,0.2375361,8.4269218e-07
harmonic,47,10.275291,0.24747223,8.6791463e-07
harmonic,48,10.522763,0.25635442,1.2015617e-06
harmonic,49,10.779117,0.23973437,9.7192707e-07
harmonic,50,11.018852,0.22560314,7.5053554e-07
harmonic,51,11.244455,0.22471874,7.2730536e-07
harmonic,52,11.469174,0.23236803,8.0746222e-07
harmonic,53,11.701542,0.24122742,8.5838655e-07
harmonic,54,11.942769,0.25208906,9.8748662e-07
harmonic,55,12.194858,0.24936734,1.1099452e-06
harmonic,56,12.444225,0.23384217,8.8018702e-07
harmonic,57,12.678068,0.22092093,6.7669912e-07
harmonic,58,12.898989,0.22747989,7.5990113e-07
harmonic,59,13.126468,0.23552911,8.3086719e-07
harmonic,60,13.361998,0.24501831,8.6662252e-07
harmonic,61,13.607016,0.25698359,1.1696623e-06
harmonic,62,13.863999,0.24326619,1.0248599e-06
harmonic,63,14.107266,0.22852702,7.9668831e-07
harmonic,64,14.335793,0.2231334,7.0690711e-07
harmonic,65,14.558926,0.23053642,7.9123635e-07
harmonic,66,14.789463,0.23906989,8.5015795e-07
harmonic,67,15.028532,0.24937376,8.891898e-07
harmonic,68,15.277906,0.25330535,1.1623054e-06
harmonic,69,15.531212,0.23718785,9.3238944e-07
harmonic,70,15.768399,0.22360673,7.1901648e-07
harmonic,71,15.992006,0.22585925,7.4122033e-07
harmonic,72,16.217865,0.2336776,8.1787028e-07
harmonic,73,16.451543,0.24278724,8.6271932e-07
harmonic,74,16.69433,0.25408323,1.060951e-06
harmonic,75,16.948413,0.24674182,1.0739396e-06
harmonic,76,17.195155,0.23157496,8.4464996e-07
harmonic,77,17.42673,0.22158688,6.8581209e-07
harmonic,78,17.648317,0.22873374,7.7339276e-07
harmonic,79,17.877051,0.23697234,8.3960965e-07
harmonic,80,18.114023,0.24677913,8.6786194e-07
harmonic,81,18.360802,0.25753308,1.2164622e-06
harmonic,82,18.618335,0.24070866,9.8702033e-07
harmonic,83,18.859044,0.22635572,7.6242727e-07
harmonic,84,19.0854,0.22430228,7.2206951e-07
harmonic,85,19.309702,0.23188829,8.0340253e-07
harmonic,86,19.54159,0.2406597,8.5647776e-07
harmonic,87,19.78225,0.21774997,4.7359848e-07
robertson,0,0,0.001,7.7344862e-08
robertson,1,0.001,0.00061557094,4.1363566e-08
robertson,2,0.0016155709,0.0010482345,3.7827353e-07
robertson,3,0.0026638054,0.0011467225,5.6843498e-08
robertson,4,0.0038105279,0.0018326658,8.2290322e-09
robertson,5,0.0056431937,0.0036653315,6.3905015e-07
robertson,6,0.0093085253,0.0012242624,5.0215089e-08
robertson,7,0.010532788,0.0020057018,1.1726203e-07
robertson,8,0.012538489,0.0021392958,4.3041552e-07
robertson,9,0.014677785,0.0019355071,7.2132694e-07
robertson,10,0.016613292,0.0018609234,1.1843244e-07
robertson,11,0.018474216,0.0021804792,4.9024963e-07
robertson,12,0.020654695,0.0019235915,7.5533211e-07
robertson,13,0.022578287,0.0018325056,2.9876494e-07
robertson,14,0.024410792,0.0021015416,7.8913352e-07
robertson,15,0.026512334,0.0019845832,9.4284385e-07
robertson,16,0.028496917,0.0013820352,3.4758003e-07
robertson,17,0.029878952,0.0015377231,3.4568403e-07
robertson,18,0.031416675,0.001126339,2.3159452e-07
robertson,19,0.032543014,0.0013592488,3.2288132e-07
robertson,20,0.033902263,0.001534807,1.7295585e-07
robertson,21,0.03543707,0.0019634736,2.7976632e-07
robertson,22,0.037400544,0.0019974984,6.3715908e-07
robertson,23,0.039398042,0.00196877,4.5387241e-07
robertson,24,0.041366812,0.0018589667,6.6524225e-07
robertson,25,0.043225779,0.001816496,1.7824457e-07
robertson,26,0.045042275,0.0023098733,1.0014034e-06
robertson,27,0.047352148,0.0020798261,7.6702919e-07
robertson,28,0.049431974,0.00070686958,5.3208466e-08
robertson,29,0.050138844,0.0011447922,1.4205948e-07
robertson,30,0.051283636,0.0015233319,5.6619492e-08
robertson,31,0.052806968,0.0024364511,4.3789609e-07
robertson,32,0.055243419,0.0020685748,8.796053e-07
robertson,33,0.057311994,0.0019114856,2.3069069e-07
robertson,34,0.059223479,0.0019794418,4.9222714e-07
robertson,35,0.061202921,0.001842631,6.7352914e-07
robertson,36,0.063045552,0.0017960767,2.6344723e-07
robertson,37,0.064841629,0.0021122349,7.3796063e-07
robertson,38,0.066953864,0.0020215951,9.9468086e-07
robertson,39,0.068975459,0.0014375614,3.599319e-07
robertson,40,0.07041302,0.001588364,8.0604712e-08
robertson,41,0.072001384,0.00070255755,6.195635e-08
robertson,42,0.072703942,0.001103708,1.4714716e-07
robertson,43,0.07380765,0.0014583646,8.1596526e-08
robertson,44,0.075266014,0.0021681391,2.8505428e-07
robertson,45,0.077434154,0.0020573715,6.8845805e-07
robertson,46,0.079491525,0.0019966078,5.4164313e-07
robertson,47,0.081488133,0.0018267665,6.8573331e-07
robertson,48,0.083314899,0.0017742254,3.6150263e-07
robertson,49,0.085089125,0.0019585821,4.5083096e-07
robertson,50,0.087047707,0.0018582281,6.6130717e-07
robertson,51,0.088905935,0.0018179183,1.729603e-07
robertson,52,0.090723853,0.0020890453,5.2390469e-07
robertson,53,0.092812898,0.001871989,7.2047793e-07
robertson,54,0.094684887,0.0018002591,3.5241298e-07
robertson,55,0.096485146,0.0019974646,5.480437e-07
robertson,56,0.098482611,0.001517389,3.0065464e-07
