run,gen,angle_deg,sigma,best_f
0,0,74.0234,1.094693,4.86352
0,1,74.2462,0.903665,4.86352
0,2,14.2627,0.972293,2.3723
0,3,15.1729,0.827385,1.25314
0,4,14.0954,0.788542,1.25314
0,5,11.6537,0.691401,0.104259
0,6,11.5843,0.529030,0.104259
0,7,12.9758,0.424878,0.104259
0,8,4.7486,0.414905,0.0468821
0,9,2.6993,0.389414,0.0468821
0,10,2.1405,0.545671,0.0395004
0,11,1.3046,0.780344,0.0395004
0,12,2.3115,0.601938,0.0395004
0,13,1.5339,0.476972,0.0395004
0,14,1.5699,0.379748,0.0395004
0,15,4.2960,0.376512,0.0395004
0,16,4.7740,0.315507,0.00788136
0,17,2.5679,0.300213,0.00788136
0,18,2.1462,0.235470,0.00788136
0,19,2.4383,0.238443,0.00788136
0,20,2.2572,0.208597,0.00788136
0,21,0.7918,0.187258,0.0072984
0,22,1.2492,0.161157,0.0072984
0,23,1.1452,0.123378,0.0072984
0,24,0.4369,0.124205,0.00518793
0,25,2.8774,0.147503,0.0038154
0,26,2.8190,0.153835,0.00116348
0,27,2.5136,0.142517,0.000982436
0,28,2.3218,0.124910,0.000982436
0,29,2.4974,0.106168,0.000982436
0,30,2.5264,0.084832,0.000400481
0,31,2.5903,0.071601,0.000400481
0,32,1.9122,0.070319,0.000149798
0,33,2.0159,0.060318,0.000149798
0,34,2.2635,0.055246,0.000149798
0,35,2.3842,0.046210,6.19166e-05
0,36,1.7784,0.042130,6.19166e-05
0,37,1.7209,0.035956,6.19166e-05
0,38,0.3810,0.033716,3.52708e-05
0,39,0.2213,0.033335,2.41053e-06
0,40,0.1051,0.028015,2.41053e-06
0,41,0.4368,0.027468,2.41053e-06
0,42,0.0190,0.025627,2.41053e-06
0,43,0.2364,0.022178,2.41053e-06
0,44,0.1574,0.017042,1.14086e-06
0,45,0.1192,0.013416,4.82584e-07
0,46,0.6073,0.012233,3.23535e-07
0,47,0.4866,0.010015,3.23535e-07
0,48,0.2280,0.008901,3.23535e-07
0,49,0.0936,0.007290,3.23535e-07
0,50,0.0490,0.005921,1.52245e-07
0,51,0.2274,0.005116,1.46775e-07
0,52,0.3243,0.004171,7.87673e-08
0,53,0.4318,0.003831,1.0315e-08
0,54,0.3549,0.003356,2.87191e-09
0,55,0.3359,0.002644,2.87191e-09
0,56,0.4142,0.002207,2.87191e-09
0,57,0.5638,0.001858,2.19789e-09
0,58,0.6912,0.001452,7.1244e-10
0,59,0.7781,0.001227,7.1244e-10
0,60,0.6918,0.001012,4.29406e-11
0,61,0.4691,0.000883,2.45065e-11
0,62,1.0857,0.000827,2.45065e-11
0,63,1.6884,0.000736,2.45065e-11
0,64,1.5885,0.000626,2.45065e-11
0,65,2.0157,0.000559,2.45065e-11
0,66,2.0110,0.000462,2.28883e-12
0,67,2.1312,0.000375,2.28883e-12
0,68,2.1437,0.000290,2.28883e-12
0,69,1.8309,0.000237,2.28883e-12
0,70,1.7439,0.000232,2.28883e-12
0,71,1.6851,0.000193,2.28883e-12
0,72,0.6165,0.000190,2.0804e-12
0,73,0.9241,0.000176,2.0804e-12
0,74,0.6711,0.000147,2.48923e-13
0,75,0.6313,0.000131,2.48923e-13
0,76,1.6685,0.000128,2.48923e-13
0,77,2.6650,0.000121,2.48923e-13
0,78,0.8911,0.000128,2.48923e-13
0,79,1.0812,0.000112,4.52222e-14
0,80,0.8471,0.000090,4.52222e-14
0,81,0.2376,0.000080,4.52222e-14
0,82,0.1414,0.000063,4.52222e-14
0,83,0.0020,0.000052,2.94533e-14
0,84,0.3789,0.000043,2.94533e-14
0,85,0.1093,0.000035,1.85702e-14
0,86,0.2333,0.000031,4.93385e-15
0,87,0.1626,0.000026,4.93385e-15
0,88,0.0448,0.000022,1.53473e-15
0,89,0.0973,0.000017,3.36662e-16
0,90,0.0443,0.000015,3.36662e-16
0,91,0.2566,0.000013,3.36662e-16
0,92,0.7112,0.000010,3.36662e-16
0,93,0.6549,0.000008,1.87299e-16
0,94,1.0878,0.000007,1.87299e-16
0,95,1.2975,0.000006,1.87299e-16
0,96,1.2744,0.000005,1.79043e-17
0,97,0.5758,0.000005,1.79043e-17
0,98,0.6884,0.000004,1.79043e-17
0,99,0.7237,0.000004,1.18007e-17
0,100,1.0230,0.000003,1.18007e-17
0,101,0.1689,0.000003,8.29423e-18
0,102,0.4320,0.000002,2.90092e-18
0,103,0.7243,0.000002,2.47265e-18
0,104,0.9366,0.000002,8.64135e-19
0,105,0.7770,0.000002,8.64135e-19
0,106,0.5766,0.000002,8.64135e-19
0,107,0.6002,0.000002,8.64135e-19
0,108,0.2671,0.000001,2.03268e-19
0,109,0.3269,0.000001,2.03268e-19
0,110,0.7889,0.000001,4.34133e-20
0,111,0.8205,0.000001,4.34133e-20
0,112,1.0477,0.000001,3.0413e-20
0,113,0.8332,0.000001,3.0413e-20
0,114,0.7345,0.000000,1.74845e-20
0,115,0.4237,0.000000,9.01692e-21
0,116,0.2890,0.000000,9.01692e-21
0,117,0.4216,0.000000,2.15486e-21
0,118,0.4235,0.000000,2.14598e-21
0,119,0.2348,0.000000,2.14598e-21
0,120,0.1906,0.000000,9.67769e-22
0,121,0.1754,0.000000,2.03287e-22
0,122,0.9577,0.000000,2.03287e-22
0,123,1.1858,0.000000,2.03287e-22
0,124,0.8361,0.000000,1.12172e-23
0,125,0.5564,0.000000,1.12172e-23
0,126,0.6038,0.000000,1.12172e-23
0,127,0.3378,0.000000,1.12172e-23
1,0,40.7179,0.899448,36.7713
1,1,45.4477,0.736713,0.936548
1,2,10.6032,0.750681,0.936548
1,3,11.6979,0.585896,0.55584
1,4,9.9625,0.459641,0.55584
1,5,0.7873,0.412969,0.55584
1,6,1.9880,0.348081,0.55584
1,7,9.9225,0.287508,0.448677
1,8,3.3981,0.272255,0.239413
1,9,3.4367,0.250633,0.239413
1,10,1.5786,0.219583,0.239413
1,11,3.1203,0.213880,0.239413
1,12,1.0237,0.176115,0.239413
1,13,3.1543,0.148900,0.239413
1,14,2.5726,0.120541,0.239413
1,15,0.4095,0.096911,0.239413
1,16,1.5920,0.087066,0.239413
1,17,5.6339,0.095050,0.239413
1,18,4.3614,0.105811,0.239413
1,19,1.3496,0.136681,0.232866
1,20,1.3849,0.152182,0.210703
1,21,1.1762,0.193763,0.167058
1,22,0.6306,0.234410,0.120613
1,23,0.2835,0.313694,0.0423918
1,24,0.3580,0.418568,0.00745074
1,25,0.4113,0.469762,0.00745074
1,26,0.1866,0.493680,0.00745074
1,27,0.0896,0.370576,0.00745074
1,28,0.6772,0.344048,0.00346088
1,29,0.7162,0.275660,0.00346088
1,30,1.1975,0.237624,0.00346088
1,31,1.5686,0.241543,0.00346088
1,32,1.3490,0.215571,0.00162617
1,33,1.4536,0.181854,0.00162617
1,34,1.4240,0.157818,0.00162617
1,35,1.5131,0.132016,0.00162617
1,36,1.3949,0.107870,0.00122907
1,37,1.9182,0.105745,5.84296e-05
1,38,3.3543,0.100338,5.84296e-05
1,39,2.2512,0.095336,5.84296e-05
1,40,3.3502,0.102817,5.84296e-05
1,41,2.9515,0.098846,5.84296e-05
1,42,1.6356,0.085478,4.45505e-05
1,43,1.7297,0.073771,4.45505e-05
1,44,2.8034,0.067007,4.45505e-05
1,45,1.9569,0.059059,4.45505e-05
1,46,1.8183,0.052769,4.45505e-05
1,47,1.2969,0.046916,4.45505e-05
1,48,0.5057,0.039999,4.45505e-05
1,49,0.5228,0.043300,1.30911e-06
1,50,0.1592,0.043576,1.30911e-06
1,51,0.6402,0.040388,9.51583e-07
1,52,0.6886,0.032335,9.51583e-07
1,53,0.6911,0.023806,9.51583e-07
1,54,0.5906,0.019614,4.67191e-07
1,55,0.5146,0.016986,4.67191e-07
1,56,0.6340,0.012762,4.67191e-07
1,57,0.4912,0.011365,4.67191e-07
1,58,0.4879,0.008848,2.0867e-07
1,59,0.8462,0.007472,2.0867e-07
1,60,0.9944,0.007442,2.0867e-07
1,61,0.1386,0.006961,3.06084e-08
1,62,0.6396,0.006338,3.06084e-08
1,63,0.4172,0.005451,2.94846e-09
1,64,0.1679,0.004747,2.94846e-09
1,65,0.9271,0.004117,2.94846e-09
1,66,0.3614,0.003573,2.94846e-09
1,67,0.0797,0.002880,2.68614e-11
1,68,0.0248,0.002269,2.68614e-11
1,69,0.8756,0.002165,2.68614e-11
1,70,0.1895,0.002034,2.68614e-11
1,71,0.3091,0.001651,2.68614e-11
1,72,1.4881,0.001714,2.68614e-11
1,73,1.6601,0.001615,2.68614e-11
1,74,1.5740,0.001412,2.68614e-11
1,75,1.5394,0.001121,2.68614e-11
1,76,1.3442,0.000990,1.99164e-11
1,77,0.7952,0.000796,1.99164e-11
1,78,1.0085,0.000660,1.99164e-11
1,79,0.9979,0.000505,1.957e-11
1,80,0.8989,0.000408,1.957e-11
1,81,0.7993,0.000375,8.45411e-13
1,82,0.4857,0.000333,7.99568e-13
1,83,0.6862,0.000306,7.99568e-13
1,84,1.0292,0.000264,7.99568e-13
1,85,1.6852,0.000260,7.99568e-13
1,86,1.0023,0.000245,7.99568e-13
1,87,1.2370,0.000213,7.99568e-13
1,88,1.9930,0.000187,7.99568e-13
1,89,1.8985,0.000154,2.53243e-13
1,90,1.9545,0.000127,2.25048e-14
1,91,1.9495,0.000101,2.25048e-14
1,92,1.9188,0.000087,1.46486e-14
1,93,1.9694,0.000072,1.46486e-14
1,94,1.9469,0.000055,8.26149e-15
1,95,1.4121,0.000047,8.26149e-15
1,96,1.0756,0.000041,6.8834e-15
1,97,1.0633,0.000033,5.02864e-15
1,98,0.8941,0.000027,1.35112e-15
1,99,0.9619,0.000022,2.57404e-16
1,100,1.3431,0.000020,2.57404e-16
1,101,1.6995,0.000018,2.57404e-16
1,102,1.0162,0.000017,2.57404e-16
1,103,0.7634,0.000016,2.57404e-16
1,104,1.0660,0.000015,8.0399e-17
1,105,1.0402,0.000013,8.0399e-17
1,106,0.9492,0.000011,3.75018e-17
1,107,1.1400,0.000011,3.75018e-17
1,108,1.0112,0.000009,3.75018e-17
1,109,1.0578,0.000007,3.75018e-17
1,110,1.1151,0.000005,3.75018e-17
1,111,1.4392,0.000005,3.75018e-17
1,112,1.3372,0.000004,6.47806e-18
1,113,0.6828,0.000004,2.05203e-18
1,114,0.3445,0.000004,2.05203e-18
1,115,0.5329,0.000003,2.05203e-18
1,116,0.8201,0.000003,2.05203e-18
1,117,0.5245,0.000003,2.46633e-19
1,118,0.4120,0.000003,5.57066e-20
1,119,0.2713,0.000002,5.57066e-20
1,120,0.1384,0.000002,5.57066e-20
1,121,0.3230,0.000002,5.57066e-20
1,122,0.1719,0.000002,5.57066e-20
1,123,0.2769,0.000001,2.19181e-20
1,124,0.4516,0.000001,1.75663e-20
1,125,0.4526,0.000001,2.27425e-21
1,126,0.7266,0.000001,2.27425e-21
1,127,1.1000,0.000001,2.27425e-21
2,0,5.7804,1.306898,1.40295
2,1,1.2941,1.111084,1.40295
2,2,2.9813,1.092200,1.40295
2,3,10.8335,0.970484,0.839894
2,4,6.2718,0.869986,0.806068
2,5,4.1863,0.806617,0.806068
2,6,4.1738,0.651543,0.256644
2,7,2.6160,0.533776,0.256644
2,8,2.5926,0.406849,0.256644
2,9,2.7269,0.412471,0.256644
2,10,1.8769,0.381160,0.0700401
2,11,1.7407,0.331391,0.0700401
2,12,0.3986,0.327112,0.0424869
2,13,0.1315,0.298127,0.000665149
2,14,0.8922,0.263571,0.000665149
2,15,1.5901,0.207466,0.000665149
2,16,1.2805,0.167750,0.000665149
2,17,3.1643,0.152946,0.000665149
2,18,0.0378,0.150153,0.000665149
2,19,1.4780,0.149214,0.000665149
2,20,1.0479,0.137273,0.000665149
2,21,1.1826,0.117359,0.000665149
2,22,1.4215,0.093077,0.000665149
2,23,0.7831,0.089859,0.000665149
2,24,0.4731,0.078806,0.000665149
2,25,1.7782,0.072637,0.000426944
2,26,1.5859,0.056917,0.000227222
2,27,1.1101,0.055529,3.64042e-05
2,28,0.8446,0.043922,3.64042e-05
2,29,3.0821,0.044794,3.64042e-05
2,30,3.9977,0.038449,3.64042e-05
2,31,3.4967,0.033294,3.64042e-05
2,32,2.7429,0.029269,3.64042e-05
2,33,2.9820,0.024464,3.64042e-05
2,34,0.2552,0.026759,2.67877e-05
2,35,0.4340,0.021115,2.67877e-05
2,36,0.2414,0.021092,2.67877e-05
2,37,2.6611,0.023382,4.53944e-06
2,38,3.2035,0.025697,4.53944e-06
2,39,2.8379,0.026929,3.34425e-07
2,40,2.5866,0.025975,3.34425e-07
2,41,2.7374,0.021175,3.34425e-07
2,42,2.8990,0.017479,3.34425e-07
2,43,2.8073,0.014293,9.54236e-08
2,44,2.1026,0.012632,9.54236e-08
2,45,1.7791,0.010299,9.54236e-08
2,46,1.7354,0.009180,9.54236e-08
2,47,1.3590,0.008261,9.54236e-08
2,48,2.0278,0.007472,9.54236e-08
2,49,1.8779,0.006413,9.54236e-08
2,50,1.6725,0.006461,7.28296e-08
2,51,1.6832,0.005816,3.83968e-09
2,52,1.2738,0.005112,3.83968e-09
2,53,1.0835,0.004493,3.83968e-09
2,54,0.0405,0.004462,3.83968e-09
2,55,0.2417,0.003902,3.83968e-09
2,56,0.5807,0.003248,3.83968e-09
2,57,0.4310,0.002758,3.83968e-09
2,58,0.3180,0.002234,3.83968e-09
2,59,0.5646,0.001912,3.83968e-09
2,60,0.2817,0.001798,5.46675e-10
2,61,0.0258,0.001650,5.46675e-10
2,62,0.0224,0.001294,3.33677e-10
2,63,0.2645,0.001099,3.33677e-10
2,64,0.7027,0.001144,3.33677e-10
2,65,0.7490,0.000911,3.33677e-10
2,66,0.6533,0.000785,3.33677e-10
2,67,0.4714,0.000921,2.47702e-10
2,68,0.4043,0.000838,2.47702e-10
2,69,0.4148,0.000730,2.23776e-11
2,70,0.3638,0.000685,2.23776e-11
2,71,0.3712,0.000555,2.16622e-11
2,72,1.3149,0.000570,2.16622e-11
2,73,1.3719,0.000456,2.16622e-11
2,74,1.5688,0.000389,2.16622e-11
2,75,0.1101,0.000463,2.16622e-11
2,76,0.1039,0.000414,2.16622e-11
2,77,0.0233,0.000322,7.2081e-12
2,78,0.1412,0.000284,7.2081e-12
2,79,1.0061,0.000299,7.2081e-12
2,80,0.9535,0.000312,1.62194e-12
2,81,0.6516,0.000272,1.62194e-12
2,82,0.6033,0.000221,1.62194e-12
2,83,0.7128,0.000238,1.62194e-12
2,84,0.6687,0.000195,1.62194e-12
2,85,0.8338,0.000157,1.18846e-12
2,86,0.9250,0.000128,3.10345e-13
2,87,0.9262,0.000099,3.10345e-13
2,88,0.7449,0.000086,3.32985e-14
2,89,0.4067,0.000078,3.32985e-14
2,90,0.4766,0.000066,3.32985e-14
2,91,1.2073,0.000068,3.32985e-14
2,92,1.5673,0.000054,3.32985e-14
2,93,1.6152,0.000043,5.8589e-15
2,94,1.9444,0.000037,5.8589e-15
2,95,2.1275,0.000029,3.09596e-15
2,96,1.9366,0.000024,3.09596e-15
2,97,1.7902,0.000021,1.42336e-15
2,98,1.8114,0.000017,1.55757e-16
2,99,1.7964,0.000013,1.55757e-16
2,100,1.7342,0.000011,5.93068e-17
2,101,1.6739,0.000008,5.93068e-17
2,102,2.4378,0.000008,5.93068e-17
2,103,2.5514,0.000007,3.93749e-17
2,104,2.5194,0.000006,3.93749e-17
2,105,2.4639,0.000006,3.93749e-17
2,106,2.4195,0.000005,2.68075e-17
2,107,2.5251,0.000004,2.68075e-17
2,108,2.2890,0.000003,2.68075e-17
2,109,2.2276,0.000003,1.711e-17
2,110,1.2425,0.000004,4.22539e-18
2,111,1.0411,0.000003,9.53371e-19
2,112,1.1214,0.000003,9.53371e-19
2,113,0.6486,0.000003,7.89474e-19
2,114,0.7211,0.000003,7.89474e-19
2,115,0.8691,0.000002,6.56486e-19
2,116,0.9442,0.000002,1.12346e-19
2,117,1.0778,0.000002,1.12346e-19
2,118,1.2382,0.000001,1.12346e-19
2,119,1.2259,0.000001,1.12346e-19
2,120,0.6551,0.000001,1.12346e-19
2,121,0.5615,0.000001,1.12346e-19
2,122,0.9259,0.000001,1.12346e-19
2,123,0.8555,0.000001,1.12346e-19
2,124,1.4070,0.000001,1.12346e-19
2,125,2.4705,0.000001,6.05932e-20
2,126,3.0819,0.000001,2.11819e-20
2,127,3.0903,0.000001,4.06796e-21
3,0,26.9285,1.046890,1.67447
3,1,7.1878,0.924410,1.67447
3,2,2.6014,0.824199,0.51996
3,3,7.5167,0.669796,0.51996
3,4,1.2861,0.770056,0.51996
3,5,2.2192,0.641885,0.193499
3,6,2.2924,0.503881,0.116744
3,7,2.5605,0.478922,0.116744
3,8,2.0229,0.553112,0.116744
3,9,2.3681,0.548272,0.116744
3,10,2.3901,0.527480,0.116744
3,11,2.6618,0.496855,0.0279456
3,12,2.0823,0.485700,0.0279456
3,13,3.3113,0.512333,0.0279456
3,14,2.5571,0.439989,0.0279456
3,15,2.5493,0.331612,0.0279456
3,16,1.8068,0.293370,0.0279456
3,17,1.4970,0.274773,0.0279456
3,18,2.5132,0.248985,0.00451579
3,19,2.6829,0.229844,0.00343739
3,20,2.9350,0.179702,0.000482702
3,21,3.0723,0.149793,0.000482702
3,22,2.8546,0.130804,0.000482702
3,23,2.6465,0.119935,0.000482702
3,24,2.6605,0.091946,0.000482702
3,25,2.5172,0.080756,0.000149157
3,26,2.3630,0.064969,8.91269e-05
3,27,2.2842,0.050751,4.25417e-05
3,28,2.3375,0.040118,4.25417e-05
3,29,2.3575,0.036869,4.25417e-05
3,30,0.8653,0.042101,4.00368e-05
3,31,0.3344,0.043506,3.15532e-05
3,32,0.2781,0.035162,3.15532e-05
3,33,0.3175,0.027669,6.85632e-06
3,34,0.2396,0.021908,6.85632e-06
3,35,0.8112,0.020021,6.85632e-06
3,36,1.0774,0.016358,3.18757e-06
3,37,0.4857,0.014846,3.18757e-06
3,38,0.3377,0.012880,3.42346e-07
3,39,0.2300,0.010488,3.42346e-07
3,40,0.4507,0.009546,3.42346e-07
3,41,1.0374,0.008466,3.42346e-07
3,42,0.9847,0.006667,2.40004e-07
3,43,1.1103,0.005449,2.75642e-08
3,44,1.1454,0.004277,2.75642e-08
3,45,1.0753,0.003404,2.13214e-08
3,46,0.7800,0.003253,2.13214e-08
3,47,0.8308,0.002702,2.90375e-09
3,48,0.7424,0.002246,2.90375e-09
3,49,0.8276,0.001823,2.90375e-09
3,50,0.7584,0.001804,2.90375e-09
3,51,0.0690,0.001860,2.90375e-09
3,52,0.0267,0.001387,1.1563e-10
3,53,0.4184,0.001331,1.1563e-10
3,54,0.5837,0.001045,1.1563e-10
3,55,0.1828,0.001009,1.1563e-10
3,56,0.0918,0.000792,1.1563e-10
3,57,0.1713,0.000627,1.1563e-10
3,58,0.3686,0.000574,5.72843e-11
3,59,0.4090,0.000463,4.69769e-11
3,60,0.5973,0.000406,1.27325e-12
3,61,0.6578,0.000321,1.27325e-12
3,62,0.4950,0.000281,1.27325e-12
3,63,0.5898,0.000228,1.27325e-12
3,64,0.7090,0.000244,1.27325e-12
3,65,0.8139,0.000216,1.27325e-12
3,66,0.6445,0.000185,1.27325e-12
3,67,0.9071,0.000154,1.27325e-12
3,68,1.3232,0.000141,1.27325e-12
3,69,1.2746,0.000116,6.8983e-13
3,70,1.1001,0.000101,2.68938e-13
3,71,1.0947,0.000078,1.73868e-13
3,72,0.9072,0.000064,1.09558e-13
3,73,1.0465,0.000052,9.16757e-14
3,74,1.2348,0.000044,8.1648e-14
3,75,1.2417,0.000035,1.17878e-14
3,76,1.2411,0.000028,1.17878e-14
3,77,1.5422,0.000024,1.35828e-15
3,78,1.6032,0.000020,1.35828e-15
3,79,1.4053,0.000017,1.35828e-15
3,80,1.3718,0.000014,1.35828e-15
3,81,1.2981,0.000011,1.20822e-15
3,82,1.1321,0.000009,1.20822e-15
3,83,1.6470,0.000009,1.20822e-15
3,84,1.6410,0.000007,5.82457e-16
3,85,1.7789,0.000006,1.54786e-16
3,86,2.0453,0.000005,1.54786e-16
3,87,2.0812,0.000004,1.25696e-16
3,88,1.8970,0.000004,1.11221e-16
3,89,1.5389,0.000004,6.14492e-19
3,90,1.5497,0.000003,6.14492e-19
3,91,1.4606,0.000003,6.14492e-19
3,92,0.9892,0.000003,6.14492e-19
3,93,0.6377,0.000002,6.14492e-19
3,94,0.9607,0.000002,6.14492e-19
3,95,0.9137,0.000002,6.14492e-19
3,96,0.9887,0.000001,6.14492e-19
3,97,0.4653,0.000001,3.50443e-19
3,98,0.5032,0.000001,3.50443e-19
3,99,0.5533,0.000001,3.44918e-19
3,100,0.4318,0.000001,9.98205e-20
3,101,1.0306,0.000001,9.98205e-20
3,102,1.4931,0.000001,9.42768e-20
3,103,1.2823,0.000001,9.42768e-20
3,104,0.7378,0.000000,5.58743e-20
3,105,0.7334,0.000000,1.22077e-20
3,106,0.7777,0.000000,1.22077e-20
3,107,0.9742,0.000000,4.5549e-21
3,108,0.9263,0.000000,1.44991e-21
3,109,0.8438,0.000000,1.44991e-21
3,110,0.3391,0.000000,1.44991e-21
3,111,0.6311,0.000000,1.44991e-21
3,112,1.0071,0.000000,1.44991e-21
3,113,1.0948,0.000000,1.15495e-21
3,114,1.8790,0.000000,1.51455e-22
3,115,1.7145,0.000000,1.51455e-22
3,116,1.5242,0.000000,1.51455e-22
3,117,1.5805,0.000000,1.14362e-22
3,118,1.4924,0.000000,5.43039e-23
3,119,0.9793,0.000000,5.43039e-23
3,120,0.3986,0.000000,5.43039e-23
3,121,0.3385,0.000000,5.43039e-23
3,122,0.3178,0.000000,5.43039e-23
3,123,0.3372,0.000000,5.43039e-23
3,124,1.1144,0.000000,1.85111e-23
3,125,1.1614,0.000000,1.00161e-23
3,126,0.9320,0.000000,1.00161e-23
3,127,1.0528,0.000000,2.06328e-24
4,0,34.8911,1.103344,19.1631
4,1,3.7295,1.096504,8.74026
4,2,3.1208,1.108362,2.30382
4,3,3.8103,0.911777,2.30382
4,4,1.3327,0.848279,0.964068
4,5,1.7082,0.624949,0.246928
4,6,1.0003,0.585566,0.1349
4,7,0.7797,0.471562,0.102926
4,8,0.4636,0.382813,0.102926
4,9,0.0643,0.300747,0.102926
4,10,0.0386,0.231075,0.102926
4,11,3.4278,0.225666,0.102926
4,12,6.3945,0.308173,0.0461333
4,13,6.0670,0.324664,0.0376621
4,14,6.2873,0.262078,0.0363517
4,15,5.5741,0.222589,0.0363517
4,16,5.0571,0.175403,0.020161
4,17,4.7883,0.144181,0.020161
4,18,4.5199,0.112209,0.020161
4,19,6.2909,0.131841,0.00489269
4,20,1.7568,0.161789,0.00489269
4,21,2.3189,0.162595,0.00306288
4,22,2.4293,0.134281,0.00131448
4,23,3.7990,0.138109,0.00131448
4,24,5.9063,0.131322,0.00131448
4,25,4.9010,0.114534,0.00031417
4,26,5.0301,0.103751,0.00031417
4,27,4.5363,0.091799,0.00031417
4,28,2.5543,0.089292,0.00031417
4,29,2.1577,0.070038,0.00031417
4,30,2.1880,0.060070,0.00031417
4,31,1.5767,0.050149,0.00031417
4,32,1.3968,0.044056,6.99477e-06
4,33,2.0483,0.039091,6.99477e-06
4,34,2.0465,0.031489,6.99477e-06
4,35,1.1872,0.027860,6.99477e-06
4,36,1.1315,0.023483,6.99477e-06
4,37,0.9669,0.020029,6.99477e-06
4,38,1.5725,0.017699,3.86384e-06
4,39,1.7366,0.016161,3.86384e-06
4,40,2.0312,0.013167,3.86384e-06
4,41,1.4134,0.012872,2.11876e-06
4,42,1.5931,0.010536,2.11876e-06
4,43,1.4003,0.008949,2.14421e-07
4,44,1.7727,0.007878,2.77558e-08
4,45,1.8774,0.006070,2.77558e-08
4,46,2.0480,0.005393,2.77558e-08
4,47,1.3598,0.005234,2.77558e-08
4,48,0.7436,0.004347,2.77558e-08
4,49,0.3935,0.003772,2.77558e-08
4,50,0.3638,0.002887,1.36135e-08
4,51,0.6934,0.002454,1.36135e-08
4,52,0.4013,0.002305,1.36135e-08
4,53,0.3839,0.001749,6.14471e-09
4,54,0.4637,0.001495,6.14471e-09
4,55,0.0698,0.001327,6.14471e-09
4,56,0.0872,0.001051,4.00031e-09
4,57,0.1940,0.000889,1.72996e-09
4,58,0.0485,0.000844,3.92224e-10
4,59,0.2012,0.000759,3.67718e-10
4,60,0.4195,0.000730,2.34159e-11
4,61,0.3772,0.000658,2.34159e-11
4,62,0.0597,0.000622,2.34159e-11
4,63,0.5956,0.000582,2.34159e-11
4,64,0.2208,0.000523,2.34159e-11
4,65,0.4035,0.000426,1.08119e-11
4,66,0.4191,0.000335,1.08119e-11
4,67,0.8337,0.000356,1.08119e-11
4,68,0.8355,0.000280,1.08119e-11
4,69,0.9304,0.000244,1.08119e-11
4,70,0.8797,0.000195,8.7404e-12
4,71,0.8920,0.000150,8.7404e-12
4,72,0.0278,0.000152,4.92436e-13
4,73,0.3406,0.000143,4.92436e-13
4,74,0.0629,0.000117,4.92436e-13
4,75,0.3625,0.000113,4.92436e-13
4,76,0.3128,0.000092,1.1171e-13
4,77,0.3082,0.000077,1.1171e-13
4,78,0.3272,0.000060,1.1171e-13
4,79,0.3597,0.000045,9.35799e-15
4,80,0.2092,0.000043,9.35799e-15
4,81,0.5075,0.000035,9.35799e-15
4,82,0.7268,0.000029,9.35799e-15
4,83,0.9022,0.000023,9.35799e-15
4,84,0.6440,0.000020,1.47039e-15
4,85,0.5238,0.000016,4.03931e-16
4,86,1.1422,0.000015,4.03931e-16
4,87,1.0850,0.000012,4.03931e-16
4,88,1.9982,0.000012,4.03931e-16
4,89,1.9930,0.000009,4.03931e-16
4,90,1.5128,0.000008,4.03931e-16
4,91,1.3888,0.000007,4.03931e-16
4,92,0.8626,0.000006,9.91561e-17
4,93,0.8397,0.000006,9.91561e-17
4,94,0.3552,0.000005,9.91561e-17
4,95,0.3845,0.000004,9.34027e-18
4,96,0.8861,0.000004,9.34027e-18
4,97,0.7335,0.000003,2.47652e-18
4,98,0.6519,0.000002,2.47652e-18
4,99,0.3344,0.000002,2.47652e-18
4,100,0.7322,0.000002,2.47652e-18
4,101,0.7790,0.000002,2.00473e-18
4,102,0.6792,0.000001,9.7458e-20
4,103,0.4434,0.000001,9.7458e-20
4,104,0.4454,0.000001,9.7458e-20
4,105,0.4981,0.000001,5.12459e-20
4,106,0.0345,0.000001,5.12459e-20
4,107,0.5408,0.000001,5.12459e-20
4,108,0.8703,0.000001,5.12459e-20
4,109,0.9452,0.000000,5.12459e-20
4,110,0.6349,0.000000,5.12459e-20
4,111,0.5078,0.000000,5.1243e-20
4,112,0.3569,0.000000,6.1082e-21
4,113,0.1698,0.000000,5.39226e-21
4,114,0.0066,0.000000,5.39226e-21
4,115,0.0969,0.000000,5.39226e-21
4,116,0.0713,0.000000,1.33761e-21
4,117,0.3407,0.000000,1.33761e-21
4,118,0.4967,0.000000,4.0164e-22
4,119,0.4175,0.000000,4.0164e-22
4,120,0.5998,0.000000,1.66657e-22
4,121,1.7189,0.000000,1.66657e-22
4,122,1.6699,0.000000,1.66657e-22
4,123,1.7042,0.000000,1.66657e-22
4,124,2.1483,0.000000,7.52988e-23
4,125,2.1650,0.000000,5.58784e-23
4,126,2.1120,0.000000,5.58784e-23
4,127,2.0803,0.000000,1.27331e-23
5,0,4.4617,1.046831,8.4641
5,1,4.1257,0.860464,2.60845
5,2,2.6243,0.822569,0.385143
5,3,7.1807,0.896901,0.36228
5,4,6.1746,0.784056,0.137871
5,5,5.0752,1.107720,0.137871
5,6,4.7854,1.542634,0.137871
5,7,7.2984,1.455238,0.137871
5,8,2.8146,1.193828,0.137871
5,9,1.8717,1.014357,0.137871
5,10,1.8117,0.776931,0.0275807
5,11,3.3259,0.792268,0.0275807
5,12,4.3373,0.827688,0.0275807
5,13,3.2883,0.766646,0.0275807
5,14,3.6533,0.687048,0.0275807
5,15,3.6941,0.516439,0.0275807
5,16,4.5495,0.448854,0.0275807
5,17,6.7751,0.452549,0.0275807
5,18,6.5097,0.403541,0.0275807
5,19,1.6277,0.474446,0.0275807
5,20,1.5564,0.416630,0.0275807
5,21,0.6744,0.410058,0.0275807
5,22,0.0401,0.567821,0.0101147
5,23,0.4543,0.461752,0.0101147
5,24,0.2966,0.474145,0.0101147
5,25,0.0456,0.477513,0.0101147
5,26,0.1305,0.385165,0.0101147
5,27,0.2275,0.314469,0.00362402
5,28,0.1148,0.261572,0.00362402
5,29,0.1314,0.220104,0.00294385
5,30,0.1616,0.173327,0.000220255
5,31,0.1549,0.146696,0.00014459
5,32,0.0589,0.112599,0.00014459
5,33,0.0089,0.091282,0.00014459
5,34,0.0075,0.075460,5.83277e-05
5,35,0.0032,0.067069,5.83277e-05
5,36,0.0031,0.055995,5.83277e-05
5,37,0.0572,0.041794,4.12622e-05
5,38,0.0165,0.032280,9.31838e-06
5,39,0.2919,0.027743,1.1823e-06
5,40,0.3358,0.026331,1.1823e-06
5,41,0.0105,0.021577,1.1823e-06
5,42,0.5914,0.020168,1.1823e-06
5,43,0.8027,0.018056,1.1823e-06
5,44,1.1950,0.016546,1.1823e-06
5,45,0.5188,0.014945,1.1823e-06
5,46,1.8407,0.014996,1.02874e-06
5,47,1.8997,0.011832,1.02874e-06
5,48,1.9047,0.009799,1.02874e-06
5,49,1.1406,0.008925,7.23276e-10
5,50,1.1329,0.007382,7.23276e-10
5,51,1.1538,0.005620,7.23276e-10
5,52,1.3548,0.004729,7.23276e-10
5,53,1.1780,0.004565,7.23276e-10
5,54,1.3445,0.004618,7.23276e-10
5,55,0.1253,0.005515,7.23276e-10
5,56,0.2119,0.006130,7.23276e-10
5,57,0.0263,0.004815,7.23276e-10
5,58,0.5088,0.004561,7.23276e-10
5,59,0.5371,0.003708,7.23276e-10
5,60,0.2878,0.003211,7.23276e-10
5,61,0.1892,0.002935,7.23276e-10
5,62,0.2727,0.002591,3.23202e-10
5,63,0.0072,0.002227,3.23202e-10
5,64,0.0043,0.001821,3.23202e-10
5,65,0.2580,0.001568,3.23202e-10
5,66,0.2859,0.001427,3.23202e-10
5,67,0.7384,0.001402,3.23202e-10
5,68,1.2008,0.001177,3.87196e-11
5,69,1.3303,0.001111,3.87196e-11
5,70,0.8514,0.000991,3.87196e-11
5,71,0.8616,0.000820,3.87196e-11
5,72,0.9836,0.000656,3.87196e-11
5,73,0.9659,0.000491,1.49188e-11
5,74,0.9728,0.000405,1.49188e-11
5,75,0.8736,0.000332,1.49188e-11
5,76,0.5358,0.000321,9.0434e-12
5,77,0.5163,0.000252,1.175e-12
5,78,0.4913,0.000204,1.175e-12
5,79,0.2481,0.000166,7.59869e-13
5,80,0.2824,0.000140,7.59869e-13
5,81,0.1557,0.000108,3.54475e-13
5,82,0.0506,0.000097,4.8797e-14
5,83,0.1000,0.000082,4.8797e-14
5,84,0.3433,0.000071,4.8797e-14
5,85,0.6975,0.000068,2.12968e-14
5,86,0.1709,0.000061,1.53444e-14
5,87,0.1322,0.000047,7.19484e-15
5,88,0.3354,0.000040,7.19484e-15
5,89,0.3200,0.000031,7.19484e-15
5,90,0.4299,0.000027,7.19484e-15
5,91,0.6714,0.000026,2.55369e-15
5,92,0.6143,0.000022,7.09523e-16
5,93,0.2161,0.000019,7.09523e-16
5,94,0.3614,0.000015,7.09523e-16
5,95,0.2344,0.000016,5.29157e-16
5,96,0.1338,0.000014,5.29157e-16
5,97,0.0752,0.000012,1.01091e-16
5,98,0.0574,0.000010,1.01091e-16
5,99,0.1814,0.000008,1.01091e-16
5,100,0.1493,0.000007,3.67517e-18
5,101,0.2701,0.000007,3.67517e-18
5,102,0.2418,0.000006,3.67517e-18
5,103,0.6060,0.000005,3.67517e-18
5,104,1.0421,0.000005,3.67517e-18
5,105,0.9572,0.000004,3.67517e-18
5,106,0.1288,0.000004,3.67517e-18
5,107,0.2055,0.000003,3.67517e-18
5,108,0.1854,0.000002,2.41625e-19
5,109,0.5693,0.000002,2.41625e-19
5,110,0.5331,0.000002,2.41625e-19
5,111,0.6831,0.000002,2.41625e-19
5,112,0.5117,0.000001,7.19155e-20
5,113,0.4164,0.000001,5.24702e-20
5,114,0.4047,0.000001,1.06645e-21
5,115,0.4275,0.000001,1.06645e-21
5,116,0.1462,0.000001,1.06645e-21
5,117,0.3382,0.000001,1.06645e-21
5,118,0.2614,0.000001,1.06645e-21
5,119,0.0161,0.000000,1.06645e-21
5,120,0.3137,0.000000,4.2215e-22
5,121,0.1071,0.000000,4.2215e-22
5,122,0.0227,0.000000,4.2215e-22
5,123,0.0137,0.000000,4.2215e-22
5,124,0.0012,0.000000,1.56921e-22
5,125,0.3581,0.000000,7.49267e-23
5,126,0.0726,0.000000,7.49267e-23
5,127,0.2427,0.000000,7.49267e-23
6,0,2.2148,1.073698,1.26082
6,1,5.6133,0.916292,1.26082
6,2,6.5903,0.774247,0.71748
6,3,4.8046,0.723908,0.71748
6,4,12.1320,0.834547,0.71748
6,5,5.4289,0.989783,0.71748
6,6,2.4461,1.006499,0.71748
6,7,0.7087,0.857508,0.53515
6,8,0.1828,0.947750,0.53515
6,9,0.6389,0.793401,0.53515
6,10,0.7421,0.637899,0.53515
6,11,0.7432,0.480591,0.489247
6,12,0.3045,0.424595,0.172062
6,13,0.0489,0.561064,0.0398067
6,14,0.2002,0.880969,0.0398067
6,15,0.1573,0.833572,0.0398067
6,16,1.2863,0.889828,0.0398067
6,17,1.4242,0.695175,0.0335142
6,18,0.8986,0.593498,0.0335142
6,19,1.1590,0.492177,0.0162861
6,20,1.1543,0.397108,0.0162861
6,21,1.2656,0.298288,0.0124102
6,22,1.5550,0.250202,0.0107881
6,23,2.3246,0.217986,0.0014824
6,24,2.0745,0.177126,0.0014824
6,25,1.9990,0.140608,0.000790913
6,26,0.9470,0.131609,0.000790913
6,27,1.7201,0.118044,0.000605968
6,28,1.1851,0.108541,0.000605968
6,29,1.6883,0.093008,0.000605968
6,30,1.9290,0.074457,0.000127202
6,31,1.8487,0.060173,5.59312e-05
6,32,1.8270,0.048009,5.59312e-05
6,33,1.0844,0.042644,4.57192e-05
6,34,1.0619,0.031618,1.50941e-05
6,35,1.3303,0.026545,1.50941e-05
6,36,1.2298,0.022544,1.50941e-05
6,37,1.3319,0.017610,7.86212e-06
6,38,1.1178,0.014542,5.05616e-07
6,39,1.1786,0.011455,3.43194e-07
6,40,1.1438,0.008732,2.9202e-07
6,41,1.8358,0.009107,2.9202e-07
6,42,2.0686,0.008492,2.9202e-07
6,43,1.6616,0.007077,2.9202e-07
6,44,1.3656,0.006240,2.9202e-07
6,45,1.3658,0.005187,2.9202e-07
6,46,0.1709,0.004985,8.0331e-09
6,47,0.1578,0.003956,8.0331e-09
6,48,0.1168,0.003466,8.0331e-09
6,49,0.2729,0.002824,8.0331e-09
6,50,0.3737,0.002171,5.12324e-09
6,51,0.3853,0.001694,4.35189e-10
6,52,0.3615,0.001299,4.35189e-10
6,53,0.2364,0.001072,1.07473e-10
6,54,0.4511,0.000908,1.07473e-10
6,55,0.9229,0.000763,1.07473e-10
6,56,0.9253,0.000600,4.44011e-11
6,57,0.9527,0.000446,2.47394e-11
6,58,0.8825,0.000347,2.4192e-11
6,59,0.6126,0.000287,2.4192e-11
6,60,0.9841,0.000245,2.4192e-11
6,61,0.6998,0.000201,1.24639e-12
6,62,0.6973,0.000176,1.24639e-12
6,63,1.1672,0.000159,1.24639e-12
6,64,1.0564,0.000132,2.04248e-13
6,65,1.1319,0.000103,2.04248e-13
6,66,0.5805,0.000093,2.04248e-13
6,67,0.7060,0.000082,2.04248e-13
6,68,1.2129,0.000074,2.04248e-13
6,69,1.2238,0.000058,2.70757e-14
6,70,0.9300,0.000049,2.67674e-14
6,71,0.7162,0.000042,2.67674e-14
6,72,0.6324,0.000037,2.67674e-14
6,73,0.5277,0.000034,2.67674e-14
6,74,0.9504,0.000029,2.67674e-14
6,75,1.2379,0.000026,2.67674e-14
6,76,1.4257,0.000022,1.46241e-14
6,77,1.8140,0.000019,1.24902e-14
6,78,2.1336,0.000016,1.24902e-14
6,79,0.8764,0.000020,2.94375e-15
6,80,0.5947,0.000023,2.17525e-15
6,81,0.1990,0.000025,2.17525e-15
6,82,0.4707,0.000022,2.17525e-15
6,83,0.3580,0.000017,2.17525e-15
6,84,0.2328,0.000013,2.17525e-15
6,85,0.2337,0.000010,4.98656e-16
6,86,0.1319,0.000009,7.81319e-17
6,87,0.2196,0.000008,7.81319e-17
6,88,0.0390,0.000007,7.81319e-17
6,89,0.4785,0.000007,7.81319e-17
6,90,0.4457,0.000006,7.81319e-17
6,91,0.4466,0.000005,4.89369e-17
6,92,0.4854,0.000004,4.89369e-17
6,93,0.5110,0.000003,4.89369e-17
6,94,0.2849,0.000004,4.62132e-17
6,95,0.3338,0.000003,7.18496e-19
6,96,0.3901,0.000003,7.18496e-19
6,97,0.4584,0.000002,7.18496e-19
6,98,0.4699,0.000002,7.18496e-19
6,99,0.4357,0.000001,7.18496e-19
6,100,0.2592,0.000001,7.18496e-19
6,101,0.7481,0.000001,4.8888e-19
6,102,1.3593,0.000002,4.8888e-19
6,103,1.0082,0.000002,4.8888e-19
6,104,0.7373,0.000001,4.8888e-19
6,105,0.8806,0.000001,4.8888e-19
6,106,0.1426,0.000001,4.8888e-19
6,107,0.1930,0.000001,4.8888e-19
6,108,0.2556,0.000001,4.8888e-19
6,109,0.3883,0.000001,4.13753e-19
6,110,0.2930,0.000001,2.50285e-19
6,111,0.8077,0.000001,2.50285e-19
6,112,0.7516,0.000001,2.50285e-19
6,113,1.4797,0.000001,2.50285e-19
6,114,0.7953,0.000001,3.03062e-20
6,115,0.2558,0.000001,6.6689e-21
6,116,0.4102,0.000001,6.6689e-21
6,117,0.6579,0.000000,1.79827e-21
6,118,0.2271,0.000000,1.79827e-21
6,119,0.4867,0.000000,1.79827e-21
6,120,0.8047,0.000000,1.79827e-21
6,121,0.1130,0.000000,1.79827e-21
6,122,0.4264,0.000000,1.79827e-21
6,123,0.0197,0.000000,1.79827e-21
6,124,0.2465,0.000000,9.26828e-22
6,125,0.1778,0.000000,9.26828e-22
6,126,0.1732,0.000000,6.16426e-22
6,127,0.1294,0.000000,2.14328e-22
7,0,19.8268,0.948516,2.22543
7,1,24.0104,0.940467,0.224338
7,2,7.8882,0.833878,0.224338
7,3,8.1224,0.676771,0.224338
7,4,8.6276,0.516485,0.125144
7,5,0.7063,0.489164,0.0467006
7,6,2.4251,0.375838,0.0467006
7,7,0.3909,0.311868,0.0467006
7,8,2.2611,0.316785,0.00501655
7,9,1.0693,0.266610,0.00501655
7,10,0.2164,0.218462,0.00501655
7,11,1.3283,0.187163,0.00501655
7,12,0.6463,0.150044,0.00501655
7,13,0.3626,0.116560,0.00501655
7,14,3.5537,0.106682,0.00501655
7,15,2.9290,0.096697,0.00501655
7,16,1.3085,0.113508,0.00501655
7,17,1.6766,0.205362,0.00330728
7,18,1.2842,0.263172,0.00330728
7,19,0.0642,0.321846,0.00283084
7,20,0.2185,0.286087,0.0017096
7,21,0.3502,0.236446,0.0017096
7,22,0.0834,0.201459,0.0017096
7,23,3.1308,0.216615,0.0017096
7,24,2.5149,0.203909,0.0017096
7,25,2.0087,0.184404,0.0017096
7,26,1.9613,0.153960,0.0017096
7,27,2.3585,0.143227,0.00122247
7,28,1.9856,0.146718,8.57386e-05
7,29,2.6132,0.140958,8.57386e-05
7,30,2.6426,0.117302,8.57386e-05
7,31,2.3174,0.113419,8.57386e-05
7,32,2.2872,0.096695,8.57386e-05
7,33,3.1422,0.091241,8.57386e-05
7,34,3.0682,0.073965,8.57386e-05
7,35,3.4866,0.061556,8.57386e-05
7,36,3.1426,0.052306,6.66369e-06
7,37,2.3260,0.049793,6.1374e-06
7,38,2.3700,0.045469,6.1374e-06
7,39,1.9796,0.037527,6.1374e-06
7,40,2.0592,0.031189,6.1374e-06
7,41,2.5478,0.027075,6.1374e-06
7,42,2.1118,0.024242,1.3568e-06
7,43,2.7379,0.022412,1.09053e-06
7,44,2.4179,0.019413,1.09053e-06
7,45,2.5078,0.015694,1.09053e-06
7,46,2.1545,0.013617,5.03717e-07
7,47,0.3151,0.014386,5.03717e-07
7,48,0.0822,0.010756,3.23335e-07
7,49,0.5030,0.009441,3.23335e-07
7,50,1.2209,0.008222,9.43625e-08
7,51,1.8027,0.007379,5.60601e-08
7,52,0.4013,0.008214,5.60601e-08
7,53,0.3718,0.007063,5.60601e-08
7,54,0.3733,0.005304,1.14337e-08
7,55,0.2904,0.004046,1.14337e-08
7,56,0.1926,0.003228,1.14337e-08
7,57,0.2292,0.002727,3.60233e-09
7,58,0.3278,0.002397,7.16624e-10
7,59,0.2006,0.002034,7.16624e-10
7,60,0.1812,0.001725,7.00204e-10
7,61,0.1473,0.001373,7.00204e-10
7,62,0.1227,0.001152,1.74313e-11
7,63,0.0666,0.000953,1.74313e-11
7,64,0.1763,0.000742,1.21824e-11
7,65,0.3085,0.000582,1.21824e-11
7,66,0.2743,0.000541,1.21824e-11
7,67,0.8058,0.000455,1.21824e-11
7,68,0.4320,0.000392,4.1215e-12
7,69,0.7110,0.000413,4.1215e-12
7,70,1.3476,0.000425,4.1215e-12
7,71,1.3401,0.000347,4.1215e-12
7,72,1.9439,0.000342,4.1215e-12
7,73,1.4798,0.000328,4.1215e-12
7,74,1.3439,0.000262,4.64781e-13
7,75,1.3033,0.000205,4.64781e-13
7,76,1.4585,0.000169,9.10805e-14
7,77,1.4665,0.000126,8.12628e-15
7,78,0.8682,0.000124,8.12628e-15
7,79,0.8257,0.000093,8.12628e-15
7,80,0.8205,0.000071,8.12628e-15
7,81,0.9291,0.000060,8.12628e-15
7,82,0.2584,0.000062,1.36225e-15
7,83,0.3153,0.000062,1.36225e-15
7,84,0.3749,0.000061,1.36225e-15
7,85,0.6633,0.000056,1.36225e-15
7,86,0.6375,0.000043,1.36225e-15
7,87,0.7344,0.000039,1.36225e-15
7,88,0.6416,0.000043,1.36225e-15
7,89,0.5564,0.000039,1.02432e-16
7,90,0.7299,0.000038,1.02432e-16
7,91,1.1435,0.000032,1.02432e-16
7,92,1.2057,0.000026,2.66798e-17
7,93,1.2045,0.000020,2.66798e-17
7,94,0.8682,0.000018,2.66798e-17
7,95,0.8054,0.000014,2.59671e-17
7,96,0.7969,0.000011,2.59671e-17
7,97,1.0200,0.000010,2.59671e-17
7,98,1.0772,0.000007,1.1499e-17
7,99,1.2377,0.000006,6.15891e-18
7,100,1.2408,0.000005,6.15891e-18
7,101,1.9126,0.000005,6.15891e-18
7,102,2.0599,0.000005,6.15891e-18
7,103,2.0614,0.000004,6.15891e-18
7,104,0.9211,0.000005,6.15891e-18
7,105,0.5847,0.000005,1.25198e-18
7,106,1.1336,0.000004,1.25198e-18
7,107,1.3590,0.000004,1.25198e-18
7,108,1.3892,0.000003,1.25198e-18
7,109,1.5061,0.000003,1.25198e-18
7,110,1.5671,0.000002,1.25198e-18
7,111,1.4903,0.000002,1.25198e-18
7,112,1.5309,0.000002,5.61761e-19
7,113,1.6434,0.000001,2.21714e-19
7,114,1.5958,0.000001,4.23458e-20
7,115,1.4395,0.000001,8.82353e-21
7,116,1.4352,0.000001,8.82353e-21
7,117,1.1295,0.000001,8.82353e-21
7,118,0.8572,0.000001,8.82353e-21
7,119,0.1474,0.000001,8.82353e-21
7,120,0.3065,0.000001,8.82353e-21
7,121,0.0171,0.000001,2.95645e-21
7,122,0.0850,0.000000,1.565e-23
7,123,0.0567,0.000000,1.565e-23
7,124,0.3068,0.000000,1.565e-23
7,125,0.1363,0.000000,1.565e-23
7,126,0.2376,0.000000,1.565e-23
7,127,0.1721,0.000000,1.565e-23
8,0,3.8293,1.239613,1.89027
8,1,4.1605,1.006889,1.89027
8,2,11.2192,1.081041,1.89027
8,3,10.8293,0.899295,1.89027
8,4,7.6634,0.820193,1.89027
8,5,6.1614,0.926796,1.89027
8,6,3.8054,0.948506,0.652275
8,7,2.0081,1.104546,0.652275
8,8,1.2831,1.039870,0.0984752
8,9,1.2708,0.846270,0.0635492
8,10,1.0341,0.686020,0.0635492
8,11,0.9023,0.571130,0.0635492
8,12,1.3418,0.488353,0.0635492
8,13,1.0888,0.409186,0.0635492
8,14,1.1267,0.327507,0.0635492
8,15,2.4706,0.290762,0.0209269
8,16,2.9211,0.230122,0.0143707
8,17,2.9904,0.186629,0.00966753
8,18,2.6031,0.161687,0.00341137
8,19,1.3581,0.190094,0.000711744
8,20,1.2913,0.168599,0.000711744
8,21,1.8611,0.143585,0.000711744
8,22,2.8890,0.122432,0.000711744
8,23,3.2822,0.109396,4.00527e-05
8,24,3.2308,0.087682,4.00527e-05
8,25,2.9412,0.069392,1.94421e-05
8,26,1.9386,0.062860,1.94421e-05
8,27,1.7180,0.053895,1.94421e-05
8,28,1.2573,0.045255,5.59241e-06
8,29,1.5930,0.036812,5.59241e-06
8,30,1.9202,0.031919,5.59241e-06
8,31,3.5890,0.030688,5.03925e-06
8,32,2.6930,0.029087,1.8606e-06
8,33,2.7432,0.024137,1.8606e-06
8,34,1.8134,0.021454,1.8606e-06
8,35,2.0351,0.019180,1.8606e-06
8,36,2.0721,0.017021,1.8606e-06
8,37,2.2008,0.013436,1.07158e-06
8,38,1.4328,0.011703,1.07158e-06
8,39,1.9026,0.009991,1.07158e-06
8,40,1.8807,0.008336,6.82102e-07
8,41,2.2717,0.007178,6.82102e-07
8,42,1.6463,0.006457,4.48405e-08
8,43,0.9896,0.006408,4.48405e-08
8,44,0.9332,0.005723,4.48405e-08
8,45,0.3221,0.005432,4.48405e-08
8,46,0.5412,0.004930,4.48405e-08
8,47,0.6064,0.004129,8.06525e-09
8,48,0.1720,0.003931,8.06525e-09
8,49,0.2414,0.003792,8.06525e-09
8,50,0.4299,0.003242,8.06525e-09
8,51,0.4009,0.002759,8.06525e-09
8,52,0.6001,0.002466,8.06525e-09
8,53,0.1171,0.002324,8.06525e-09
8,54,1.1282,0.002498,8.06525e-09
8,55,1.5394,0.002574,8.06525e-09
8,56,1.9499,0.002383,6.19754e-09
8,57,1.9849,0.002158,5.66736e-09
8,58,2.0056,0.001724,3.71958e-09
8,59,2.8086,0.001779,5.35689e-10
8,60,2.7055,0.001697,5.35689e-10
8,61,2.3280,0.001502,5.35689e-10
8,62,2.3909,0.001260,5.35689e-10
8,63,2.3900,0.000973,2.55409e-10
8,64,2.3293,0.001084,2.55409e-10
8,65,1.8826,0.000896,2.55409e-10
8,66,1.6938,0.000747,1.44305e-11
8,67,1.6926,0.000557,1.44305e-11
8,68,1.7047,0.000441,1.44305e-11
8,69,1.6192,0.000377,4.09598e-12
8,70,1.9201,0.000325,4.09598e-12
8,71,1.8165,0.000269,3.40732e-12
8,72,1.8508,0.000238,3.28498e-13
8,73,1.2753,0.000217,3.28498e-13
8,74,0.4233,0.000197,1.18787e-13
8,75,0.2395,0.000172,1.18787e-13
8,76,0.0653,0.000146,1.18787e-13
8,77,1.3487,0.000145,1.18787e-13
8,78,1.0317,0.000126,1.18787e-13
8,79,1.2966,0.000114,1.18787e-13
8,80,1.3251,0.000096,1.18787e-13
8,81,1.2651,0.000075,8.53946e-14
8,82,1.0284,0.000065,8.53946e-14
8,83,0.8545,0.000058,8.53946e-14
8,84,1.4675,0.000054,7.39558e-15
8,85,1.5068,0.000047,7.39558e-15
8,86,1.6770,0.000040,7.9892e-16
8,87,1.6223,0.000036,7.9892e-16
8,88,1.2380,0.000033,7.9892e-16
8,89,1.3960,0.000028,7.9892e-16
8,90,1.4694,0.000023,7.9892e-16
8,91,1.0011,0.000020,7.9892e-16
8,92,0.1587,0.000022,7.9892e-16
8,93,0.2771,0.000020,7.9892e-16
8,94,0.0037,0.000018,7.9892e-16
8,95,0.0252,0.000015,7.9892e-16
8,96,0.4957,0.000014,7.9892e-16
8,97,0.6844,0.000012,7.9892e-16
8,98,0.4656,0.000010,7.9892e-16
8,99,0.8296,0.000010,4.55615e-18
8,100,0.8657,0.000009,4.55615e-18
8,101,0.8525,0.000007,4.55615e-18
8,102,1.7013,0.000008,4.55615e-18
8,103,1.6674,0.000006,4.55615e-18
8,104,1.6847,0.000006,4.55615e-18
8,105,1.4906,0.000005,4.55615e-18
8,106,1.5697,0.000004,4.55615e-18
8,107,1.1563,0.000004,4.55615e-18
8,108,1.1335,0.000003,4.55615e-18
8,109,0.6861,0.000003,2.00795e-19
8,110,0.2150,0.000003,2.00795e-19
8,111,0.1757,0.000002,2.00795e-19
8,112,0.0346,0.000002,2.00795e-19
8,113,0.0481,0.000001,1.43696e-19
8,114,0.0654,0.000001,2.65352e-20
8,115,0.3620,0.000001,2.65352e-20
8,116,0.3848,0.000001,2.65352e-20
8,117,0.4708,0.000001,7.16684e-22
8,118,0.2562,0.000001,7.16684e-22
8,119,0.3426,0.000001,7.16684e-22
8,120,0.3179,0.000000,7.16684e-22
8,121,0.0586,0.000000,7.16684e-22
8,122,0.2123,0.000000,7.16684e-22
8,123,0.2740,0.000000,7.16684e-22
8,124,0.8710,0.000000,5.21732e-22
8,125,1.8436,0.000000,5.21732e-22
8,126,1.8190,0.000000,5.21732e-22
8,127,1.8582,0.000000,5.21732e-22
9,0,3.3936,1.221618,43.52
9,1,21.8206,1.360608,6.14511
9,2,21.9917,1.185310,6.14511
9,3,20.8018,1.050526,3.23739
9,4,18.3968,0.843280,3.23739
9,5,21.7399,0.722102,3.23739
9,6,21.2853,0.641886,3.23739
9,7,18.6135,0.548964,3.23739
9,8,2.3502,0.617761,2.53007
9,9,3.2659,0.493946,2.53007
9,10,8.2149,0.458799,2.53007
9,11,12.4553,0.460338,2.53007
9,12,3.4223,0.575668,2.01551
9,13,1.7135,0.678903,1.31228
9,14,1.5082,0.979522,0.245346
9,15,1.8514,1.060307,0.245346
9,16,4.3850,1.172195,0.245346
9,17,3.7812,1.097941,0.245346
9,18,3.8063,1.097188,0.194088
9,19,3.6429,0.857885,0.194088
9,20,2.6117,0.766670,0.194088
9,21,2.2509,0.614807,0.00627726
9,22,3.5648,0.559327,0.00627726
9,23,2.2254,0.507646,0.00627726
9,24,2.0265,0.449995,0.00386617
9,25,2.1574,0.357368,0.00386617
9,26,2.2096,0.274009,0.00386617
9,27,1.6326,0.259473,0.00386617
9,28,1.6685,0.201969,0.00386617
9,29,2.2432,0.191865,0.00027298
9,30,3.0016,0.186372,0.00027298
9,31,2.8239,0.155023,0.00027298
9,32,4.0802,0.141388,0.00027298
9,33,2.1996,0.147478,0.00027298
9,34,1.5980,0.124926,0.00027298
9,35,0.9311,0.114967,0.000133395
9,36,2.0778,0.110172,0.000133395
9,37,1.7785,0.095786,0.000133395
9,38,2.2022,0.080481,0.000119136
9,39,2.0771,0.076008,9.8469e-05
9,40,0.2607,0.094296,9.8469e-05
9,41,0.2875,0.099345,9.8469e-05
9,42,0.2280,0.083241,9.8469e-05
9,43,1.2893,0.081043,6.71269e-05
9,44,0.8712,0.067796,6.71269e-05
9,45,0.9860,0.058265,6.08116e-05
9,46,1.0412,0.044649,4.66358e-06
9,47,1.3635,0.038459,4.66358e-06
9,48,1.4802,0.032738,4.66358e-06
9,49,1.5304,0.024502,4.28298e-06
9,50,0.5689,0.024921,1.48347e-07
9,51,0.5322,0.020663,1.48347e-07
9,52,0.5074,0.016656,1.48347e-07
9,53,0.5446,0.013164,8.0435e-08
9,54,0.6658,0.010939,8.0435e-08
9,55,0.4250,0.009490,8.0435e-08
9,56,0.6807,0.008542,8.0435e-08
9,57,0.6885,0.006747,8.0435e-08
9,58,0.1041,0.006547,4.7326e-09
9,59,0.3166,0.005905,4.7326e-09
9,60,0.2954,0.004640,4.7326e-09
9,61,0.4440,0.004858,4.7326e-09
9,62,0.3424,0.004289,2.00696e-09
9,63,0.1930,0.004014,2.00696e-09
9,64,0.1434,0.003216,1.39409e-09
9,65,0.9878,0.003218,1.39409e-09
9,66,0.9307,0.002835,1.39409e-09
9,67,1.9307,0.002606,1.39409e-09
9,68,1.5123,0.002294,1.36264e-09
9,69,0.5614,0.002106,8.49759e-10
9,70,0.4173,0.001925,4.93611e-10
9,71,0.0944,0.001789,4.06734e-10
9,72,0.1955,0.001726,4.06734e-10
9,73,0.3967,0.001489,1.5926e-10
9,74,0.3379,0.001329,1.5926e-10
9,75,0.3980,0.001028,3.77444e-11
9,76,0.4911,0.000845,3.77444e-11
9,77,0.5804,0.000659,1.48524e-12
9,78,0.5019,0.000555,1.48524e-12
9,79,0.1396,0.000474,1.48524e-12
9,80,0.3952,0.000380,9.19805e-13
9,81,0.3998,0.000294,7.57651e-13
9,82,0.2173,0.000252,7.57651e-13
9,83,0.2095,0.000192,7.57651e-13
9,84,0.2666,0.000166,2.85819e-13
9,85,0.2365,0.000138,2.85819e-13
9,86,0.2982,0.000108,2.85819e-13
9,87,1.3869,0.000101,2.85819e-13
9,88,1.6004,0.000088,2.43849e-13
9,89,1.2959,0.000075,1.28619e-13
9,90,0.5577,0.000081,4.5215e-15
9,91,0.5589,0.000064,4.5215e-15
9,92,0.7253,0.000055,4.5215e-15
9,93,1.0466,0.000052,4.5215e-15
9,94,0.8978,0.000043,4.5215e-15
9,95,0.8869,0.000035,1.71035e-16
9,96,0.5814,0.000031,1.71035e-16
9,97,0.5046,0.000028,1.71035e-16
9,98,0.5583,0.000026,1.71035e-16
9,99,0.5517,0.000022,1.71035e-16
9,100,0.2338,0.000020,1.71035e-16
9,101,0.8691,0.000019,1.71035e-16
9,102,0.7773,0.000015,1.71035e-16
9,103,0.7452,0.000012,1.71035e-16
9,104,0.3000,0.000012,1.71035e-16
9,105,1.0257,0.000012,7.34353e-17
9,106,1.2689,0.000011,7.34353e-17
9,107,0.1902,0.000012,7.34353e-17
9,108,0.7921,0.000013,7.34353e-17
9,109,0.9049,0.000012,7.34353e-17
9,110,2.2986,0.000011,7.34353e-17
9,111,2.3334,0.000008,1.01726e-18
9,112,2.3450,0.000007,1.01726e-18
9,113,2.6337,0.000006,1.01726e-18
9,114,2.3771,0.000005,1.01726e-18
9,115,2.4197,0.000004,1.01726e-18
9,116,1.0892,0.000007,1.01726e-18
9,117,0.9377,0.000009,1.01726e-18
9,118,0.6194,0.000008,1.01726e-18
9,119,0.5531,0.000007,4.14155e-19
9,120,0.4208,0.000006,4.14155e-19
9,121,0.3904,0.000004,4.14155e-19
9,122,0.5342,0.000003,8.44393e-21
9,123,0.7640,0.000003,8.44393e-21
9,124,0.8663,0.000002,8.44393e-21
9,125,0.0303,0.000002,8.44393e-21
9,126,0.4263,0.000002,8.44393e-21
9,127,0.4285,0.000001,8.44393e-21
10,0,60.9035,1.150357,0.736769
10,1,54.4841,1.075800,0.736769
10,2,4.5779,1.244226,0.736769
10,3,5.6362,1.155544,0.736769
10,4,1.3950,1.015513,0.736769
10,5,9.5330,1.119322,0.736769
10,6,7.2148,0.961733,0.388952
10,7,6.2141,0.891803,0.381083
10,8,5.8439,0.689237,0.381083
10,9,6.3549,0.566793,0.381083
10,10,5.9226,0.464025,0.381083
10,11,5.4382,0.380043,0.381083
10,12,3.8247,0.415686,0.128435
10,13,2.9909,0.421954,0.128435
10,14,1.6195,0.412729,0.128435
10,15,1.3129,0.312867,0.128435
10,16,1.4712,0.246601,0.128435
10,17,2.4764,0.267426,0.128435
10,18,3.1870,0.251302,0.128435
10,19,5.8629,0.227686,0.128435
10,20,4.6052,0.209117,0.0711463
10,21,3.9490,0.240052,0.0286087
10,22,1.7965,0.323442,0.0205357
10,23,2.1742,0.333332,0.0205357
10,24,2.1866,0.284099,0.00188992
10,25,2.2164,0.221161,0.00188992
10,26,1.6561,0.186427,0.00188992
10,27,1.4111,0.159705,0.00188992
10,28,2.2097,0.142588,0.0018822
10,29,1.8291,0.130321,0.000270153
10,30,1.6862,0.109602,0.000270153
10,31,1.7827,0.082693,0.000270153
10,32,1.9902,0.081716,0.000270153
10,33,1.9655,0.068753,1.55106e-05
10,34,1.7651,0.064064,1.55106e-05
10,35,1.7249,0.050364,1.55106e-05
10,36,1.3840,0.043007,1.55106e-05
10,37,1.2256,0.035688,8.64362e-06
10,38,0.8525,0.029007,8.64362e-06
10,39,0.5197,0.029790,8.64362e-06
10,40,0.2410,0.024119,7.45661e-06
10,41,0.1793,0.021397,2.09098e-06
10,42,1.1165,0.022270,2.09098e-06
10,43,1.9164,0.019727,2.09098e-06
10,44,1.7163,0.017034,2.09098e-06
10,45,1.5043,0.013513,7.34142e-09
10,46,1.3218,0.011262,7.34142e-09
10,47,1.4276,0.008953,7.34142e-09
10,48,1.5738,0.007235,7.34142e-09
10,49,1.6820,0.005864,7.34142e-09
10,50,0.9493,0.005395,7.34142e-09
10,51,1.0154,0.004514,7.34142e-09
10,52,1.1364,0.003743,7.34142e-09
10,53,1.3066,0.003221,7.34142e-09
10,54,1.4178,0.003030,7.34142e-09
10,55,1.4353,0.002348,7.34142e-09
10,56,1.2052,0.002004,2.45131e-09
10,57,1.1624,0.001667,1.25046e-09
10,58,1.1687,0.001288,1.25046e-09
10,59,1.1066,0.000966,7.48626e-10
10,60,0.9958,0.000776,1.44705e-10
10,61,0.1120,0.000758,1.44705e-10
10,62,0.0869,0.000611,1.44705e-10
10,63,0.0127,0.000474,1.08112e-10
10,64,0.1884,0.000390,5.43009e-11
10,65,0.1009,0.000355,5.43009e-11
10,66,0.3949,0.000356,5.43009e-11
10,67,0.4006,0.000283,1.77852e-11
10,68,0.4329,0.000224,3.4716e-12
10,69,0.4176,0.000172,3.4716e-12
10,70,0.3612,0.000156,5.98999e-14
10,71,0.8744,0.000148,5.98999e-14
10,72,1.1777,0.000119,5.98999e-14
10,73,0.4740,0.000115,5.98999e-14
10,74,0.6636,0.000108,5.98999e-14
10,75,0.7538,0.000096,5.98999e-14
10,76,1.3395,0.000097,5.98999e-14
10,77,1.3700,0.000079,5.98999e-14
10,78,1.3445,0.000061,4.28642e-14
10,79,1.1072,0.000060,4.28642e-14
10,80,0.8957,0.000048,5.53464e-15
10,81,0.9614,0.000037,5.53464e-15
10,82,1.0246,0.000032,5.53464e-15
10,83,1.2280,0.000027,5.53464e-15
10,84,1.3373,0.000022,2.44491e-15
10,85,1.3564,0.000018,2.44491e-15
10,86,2.2360,0.000018,2.44491e-15
10,87,2.2622,0.000014,2.66552e-16
10,88,2.3755,0.000012,2.66552e-16
10,89,2.5907,0.000011,2.66552e-16
10,90,2.7088,0.000008,2.66552e-16
10,91,2.6151,0.000007,2.66552e-16
10,92,2.5552,0.000006,7.19192e-18
10,93,2.4771,0.000005,7.19192e-18
10,94,2.4043,0.000004,7.19192e-18
10,95,3.5073,0.000004,7.19192e-18
10,96,3.6367,0.000003,3.95191e-18
10,97,3.5398,0.000003,3.95191e-18
10,98,3.3392,0.000002,3.95191e-18
10,99,2.4524,0.000002,3.95191e-18
10,100,2.3842,0.000002,2.12962e-18
10,101,2.2888,0.000001,2.12962e-18
10,102,2.3204,0.000001,2.71381e-19
10,103,2.2984,0.000001,2.71381e-19
10,104,1.5878,0.000001,2.71381e-19
10,105,0.8795,0.000001,2.71381e-19
10,106,0.3531,0.000001,2.71381e-19
10,107,0.6860,0.000001,2.71381e-19
10,108,0.2058,0.000001,2.71381e-19
10,109,0.6484,0.000000,2.71381e-19
10,110,1.1591,0.000001,1.25191e-19
10,111,1.3120,0.000000,1.25191e-19
10,112,1.9952,0.000000,1.25191e-19
10,113,0.5846,0.000000,3.14126e-20
10,114,0.5129,0.000000,3.14126e-20
10,115,0.4563,0.000000,2.16369e-20
10,116,0.0108,0.000000,2.16369e-20
10,117,0.0118,0.000000,1.92919e-21
10,118,0.0905,0.000000,1.92919e-21
10,119,1.0309,0.000000,1.92919e-21
10,120,0.9890,0.000000,8.92403e-22
10,121,0.2209,0.000000,8.92403e-22
10,122,0.3935,0.000000,5.73485e-22
10,123,0.1998,0.000000,2.4078e-22
10,124,0.6108,0.000000,2.4078e-22
10,125,0.5858,0.000000,2.07916e-22
10,126,0.1072,0.000000,2.07916e-22
10,127,0.1997,0.000000,5.18712e-23
11,0,43.1221,1.055083,0.0505776
11,1,38.5830,0.875738,0.0505776
11,2,28.4228,0.675321,0.0505776
11,3,26.1998,0.530895,0.032496
11,4,23.3788,0.410506,0.032496
11,5,19.0367,0.368783,0.032496
11,6,22.0402,0.303089,0.032496
11,7,5.4258,0.284590,0.032496
11,8,5.0367,0.232077,0.032496
11,9,4.4121,0.221915,0.0208079
11,10,7.7342,0.200517,0.0208079
11,11,10.1475,0.175946,0.0208079
11,12,7.1195,0.152353,0.0208079
11,13,4.7912,0.158223,0.00413871
11,14,0.9716,0.150822,0.00413871
11,15,2.3429,0.112355,0.00413871
11,16,5.8337,0.114048,0.00352778
11,17,6.3082,0.103222,0.00303448
11,18,6.7678,0.080893,0.00303448
11,19,6.9977,0.062383,0.00303448
11,20,10.8358,0.060846,0.00303448
11,21,2.0544,0.068788,0.00212427
11,22,0.2156,0.086055,0.000641978
11,23,5.1656,0.106081,0.000641978
11,24,4.3977,0.140932,0.000641978
11,25,3.5512,0.142790,0.000127165
11,26,2.9972,0.139820,0.000127165
11,27,3.0421,0.116487,3.33917e-05
11,28,1.8432,0.100722,3.33917e-05
11,29,2.3984,0.084792,3.33917e-05
11,30,1.1910,0.075647,3.33917e-05
11,31,1.7320,0.061855,3.33917e-05
11,32,1.5159,0.048559,3.33917e-05
11,33,1.9501,0.040423,1.45445e-05
11,34,0.9188,0.036243,1.45445e-05
11,35,1.9316,0.035640,1.45445e-05
11,36,1.3232,0.029525,1.61855e-08
11,37,1.2661,0.023409,1.61855e-08
11,38,0.8990,0.019826,1.61855e-08
11,39,0.8607,0.014813,1.27173e-08
11,40,0.9277,0.012843,1.27173e-08
11,41,1.2954,0.009813,1.27173e-08
11,42,1.7392,0.008548,1.27173e-08
11,43,1.8679,0.007492,1.27173e-08
11,44,2.0279,0.005790,1.27173e-08
11,45,2.1367,0.004654,1.27173e-08
11,46,1.9876,0.003604,1.27173e-08
11,47,2.4094,0.003147,6.0792e-09
11,48,2.2557,0.002577,1.51402e-09
11,49,1.3200,0.002355,1.51402e-09
11,50,1.0588,0.001945,1.51402e-09
11,51,0.6998,0.001761,1.51402e-09
11,52,0.7988,0.001367,9.36987e-10
11,53,0.7766,0.001042,5.45033e-10
11,54,0.8810,0.000832,4.37888e-10
11,55,1.3331,0.000745,2.02046e-10
11,56,1.3473,0.000561,2.05416e-11
11,57,1.0805,0.000482,2.05416e-11
11,58,1.1763,0.000386,2.05416e-11
11,59,1.1350,0.000314,1.89887e-11
11,60,1.4315,0.000262,1.89887e-11
11,61,0.7354,0.000242,2.57087e-12
11,62,0.8286,0.000200,2.57087e-12
11,63,0.4936,0.000179,9.79045e-13
11,64,0.4902,0.000138,8.79814e-13
11,65,0.0171,0.000124,3.47703e-13
11,66,0.0748,0.000100,3.47703e-13
11,67,0.2991,0.000081,1.33466e-13
11,68,0.0557,0.000070,1.33466e-13
11,69,0.0532,0.000055,1.19597e-13
11,70,1.3573,0.000058,1.19597e-13
11,71,1.2044,0.000051,3.60085e-14
11,72,1.8769,0.000050,3.60085e-14
11,73,1.9234,0.000039,3.60085e-14
11,74,1.9838,0.000033,3.60085e-14
11,75,1.2799,0.000033,3.60085e-14
11,76,1.7219,0.000032,2.42579e-14
11,77,2.1902,0.000031,2.42579e-14
11,78,1.5147,0.000030,5.25171e-15
11,79,1.4385,0.000026,3.72946e-15
11,80,1.4174,0.000021,1.23194e-15
11,81,1.4032,0.000016,1.23194e-15
11,82,1.2908,0.000013,3.90152e-16
11,83,1.2148,0.000011,3.85236e-18
11,84,1.1813,0.000008,3.85236e-18
11,85,0.8041,0.000007,3.85236e-18
11,86,0.3407,0.000006,3.85236e-18
11,87,0.3778,0.000006,3.85236e-18
11,88,0.5796,0.000005,3.85236e-18
11,89,0.5320,0.000004,8.31275e-20
11,90,0.5940,0.000003,8.31275e-20
11,91,0.6523,0.000003,8.31275e-20
11,92,0.3632,0.000002,8.31275e-20
11,93,0.4931,0.000002,8.31275e-20
11,94,0.5325,0.000002,8.31275e-20
11,95,0.0461,0.000001,8.31275e-20
11,96,0.0822,0.000001,8.31275e-20
11,97,0.2531,0.000001,8.31275e-20
11,98,0.1875,0.000001,8.31275e-20
11,99,0.3820,0.000001,4.92767e-21
11,100,0.2890,0.000001,4.92767e-21
11,101,0.5719,0.000001,4.92767e-21
11,102,0.5263,0.000001,4.92767e-21
11,103,0.6420,0.000000,4.92767e-21
11,104,0.5751,0.000000,4.92767e-21
11,105,0.9909,0.000000,4.92767e-21
11,106,0.9226,0.000000,4.92767e-21
11,107,0.3895,0.000000,4.92767e-21
11,108,0.3407,0.000000,1.63871e-21
11,109,0.5800,0.000000,1.63871e-21
11,110,0.1436,0.000000,1.63871e-21
11,111,0.0654,0.000000,1.63871e-21
11,112,1.1552,0.000000,8.20682e-23
11,113,1.0482,0.000000,8.20682e-23
11,114,0.5814,0.000000,8.20682e-23
11,115,0.5416,0.000000,8.20682e-23
11,116,0.4146,0.000000,8.20682e-23
11,117,0.2522,0.000000,8.20682e-23
11,118,0.2297,0.000000,8.20682e-23
11,119,0.3005,0.000000,8.20682e-23
11,120,1.1179,0.000000,1.94336e-23
11,121,1.3179,0.000000,1.94336e-23
11,122,1.4997,0.000000,8.50168e-25
11,123,1.3399,0.000000,8.50168e-25
11,124,0.9190,0.000000,8.50168e-25
11,125,0.6240,0.000000,8.50168e-25
11,126,0.4056,0.000000,8.50168e-25
11,127,0.7402,0.000000,8.50168e-25
12,0,19.0507,1.446543,6.20694
12,1,20.3460,1.430393,6.20694
12,2,21.4379,1.348488,5.35686
12,3,20.7075,1.147104,3.84214
12,4,20.6714,0.868952,2.4312
12,5,17.5063,0.744842,1.7045
12,6,17.6147,0.580070,1.7045
12,7,10.8322,0.693318,1.7045
12,8,11.3263,0.645228,1.7045
12,9,2.1766,0.795989,0.790181
12,10,0.6043,0.836720,0.787645
12,11,2.1790,0.769488,0.62934
12,12,1.8843,0.674004,0.036348
12,13,2.5187,0.657625,0.036348
12,14,2.7158,0.570597,0.036348
12,15,2.1003,0.483041,0.036348
12,16,2.0871,0.381097,0.036348
12,17,1.7270,0.352290,0.036348
12,18,1.9933,0.344129,0.036348
12,19,1.9784,0.277164,0.0104294
12,20,1.6895,0.222596,0.0104294
12,21,1.9422,0.195723,0.0104294
12,22,4.0442,0.214326,0.0104294
12,23,4.0720,0.178429,0.00515099
12,24,3.7886,0.149084,0.00020734
12,25,3.1849,0.135591,0.00020734
12,26,1.6893,0.136808,0.00020734
12,27,1.6639,0.130685,0.00020734
12,28,0.7701,0.109378,0.00020734
12,29,1.9568,0.101139,5.27729e-05
12,30,1.4922,0.087344,5.27729e-05
12,31,1.2027,0.075976,4.31705e-05
12,32,0.7246,0.060903,4.31705e-05
12,33,0.8375,0.049328,4.31705e-05
12,34,1.1506,0.044922,4.31705e-05
12,35,0.3252,0.045870,4.31705e-05
12,36,0.3023,0.037952,3.0385e-06
12,37,0.7444,0.033436,3.0385e-06
12,38,1.0614,0.031597,3.0385e-06
12,39,1.4661,0.028737,2.55012e-06
12,40,1.2905,0.022585,2.55012e-06
12,41,0.8448,0.019637,2.04168e-06
12,42,1.1486,0.017519,2.04168e-06
12,43,0.8718,0.016098,2.09135e-07
12,44,0.6620,0.013952,2.09135e-07
12,45,0.6138,0.011986,3.51961e-08
12,46,0.7488,0.009570,3.51961e-08
12,47,0.4782,0.007951,2.03896e-08
12,48,0.3580,0.007140,2.03896e-08
12,49,0.3977,0.005412,2.03896e-08
12,50,0.3983,0.004074,1.84765e-08
12,51,0.8822,0.004241,1.84765e-08
12,52,1.0334,0.003181,1.84765e-08
12,53,0.8635,0.002803,1.54315e-10
12,54,0.1859,0.002968,1.54315e-10
12,55,0.3040,0.002299,1.54315e-10
12,56,0.1222,0.001970,1.54315e-10
12,57,0.4148,0.001646,1.54315e-10
12,58,0.6635,0.001443,1.54315e-10
12,59,0.9120,0.001163,1.54315e-10
12,60,0.3427,0.001111,1.54315e-10
12,61,0.5493,0.001158,1.54315e-10
12,62,0.7923,0.001156,6.27655e-11
12,63,0.8732,0.000898,2.92963e-11
12,64,1.5257,0.000901,2.92963e-11
12,65,0.8923,0.000861,2.92963e-11
12,66,1.2193,0.000826,2.92963e-11
12,67,0.0873,0.000818,2.92963e-11
12,68,0.0158,0.000763,2.92963e-11
12,69,0.0669,0.000586,1.32549e-13
12,70,0.3177,0.000564,1.32549e-13
12,71,0.2601,0.000466,1.32549e-13
12,72,0.2406,0.000346,1.32549e-13
12,73,0.2768,0.000316,1.32549e-13
12,74,0.6314,0.000301,1.32549e-13
12,75,0.7143,0.000238,1.32549e-13
12,76,0.2970,0.000214,1.32549e-13
12,77,0.1176,0.000194,1.32549e-13
12,78,0.9871,0.000193,1.32549e-13
12,79,0.9530,0.000165,1.32549e-13
12,80,0.8240,0.000135,1.32549e-13
12,81,1.0184,0.000110,1.32549e-13
12,82,1.1223,0.000111,1.32549e-13
12,83,0.8507,0.000103,7.29511e-14
12,84,0.8673,0.000083,7.22244e-14
12,85,0.6862,0.000076,7.22244e-14
12,86,0.6840,0.000061,2.52129e-14
12,87,0.6317,0.000049,2.52129e-14
12,88,0.9551,0.000047,7.76732e-16
12,89,1.3500,0.000043,7.76732e-16
12,90,0.8803,0.000035,7.76732e-16
12,91,1.3230,0.000032,7.76732e-16
12,92,1.2807,0.000026,7.76732e-16
12,93,1.1833,0.000020,4.51041e-16
12,94,1.1135,0.000016,4.51041e-16
12,95,1.1857,0.000012,1.42502e-16
12,96,1.0845,0.000010,7.73733e-18
12,97,0.7118,0.000008,7.73733e-18
12,98,0.4433,0.000007,7.73733e-18
12,99,0.4761,0.000006,7.73733e-18
12,100,1.1628,0.000005,7.73733e-18
12,101,1.0737,0.000004,7.73733e-18
12,102,1.3558,0.000003,7.73733e-18
12,103,1.1039,0.000003,7.73733e-18
12,104,0.6463,0.000003,7.73733e-18
12,105,0.7105,0.000003,7.73733e-18
12,106,1.5581,0.000003,2.83874e-18
12,107,1.8823,0.000003,2.73597e-18
12,108,1.8285,0.000002,5.61023e-19
12,109,2.2979,0.000002,5.61023e-19
12,110,2.2587,0.000002,5.61023e-19
12,111,2.2285,0.000002,5.61023e-19
12,112,2.1949,0.000002,1.92647e-19
12,113,2.2444,0.000001,1.92647e-19
12,114,1.3596,0.000001,1.86795e-19
12,115,1.2106,0.000001,1.86795e-19
12,116,1.2001,0.000001,9.05482e-20
12,117,0.9177,0.000001,1.65542e-20
12,118,0.9259,0.000001,1.65542e-20
12,119,1.0026,0.000001,1.65542e-20
12,120,1.2681,0.000001,1.65542e-20
12,121,1.0500,0.000001,1.04152e-20
12,122,1.0601,0.000000,2.65684e-21
12,123,1.0478,0.000000,2.44616e-21
12,124,1.0042,0.000000,2.44616e-21
12,125,0.9607,0.000000,2.44616e-21
12,126,1.0882,0.000000,2.44616e-21
12,127,0.8376,0.000000,2.44616e-21
13,0,2.9564,0.991398,32.7429
13,1,89.5022,1.161769,2.3657
13,2,88.2591,1.051022,2.01641
13,3,18.6106,1.254458,2.01641
13,4,5.4347,1.002697,0.789127
13,5,5.3532,0.791618,0.789127
13,6,8.8247,0.687484,0.789127
13,7,10.6180,0.566410,0.789127
13,8,8.4335,0.446564,0.588188
13,9,2.5161,0.444133,0.251923
13,10,4.7110,0.412469,0.251923
13,11,4.7929,0.339379,0.251923
13,12,6.2152,0.268453,0.251923
13,13,10.1286,0.282607,0.251923
13,14,8.3805,0.261845,0.220635
13,15,7.6669,0.211681,0.220635
13,16,8.2036,0.165614,0.220635
13,17,6.4712,0.151195,0.220635
13,18,2.3654,0.152914,0.20907
13,19,3.6970,0.164823,0.20907
13,20,1.0700,0.191376,0.14576
13,21,0.6174,0.210644,0.14576
13,22,0.8225,0.263880,0.0687859
13,23,1.3211,0.319402,0.0280576
13,24,2.1164,0.338020,0.0280576
13,25,1.4834,0.428513,0.0138859
13,26,1.3073,0.410883,0.0129125
13,27,1.5368,0.331119,0.0129125
13,28,1.9976,0.287191,0.011937
13,29,1.9884,0.223583,0.00483953
13,30,1.8541,0.201861,0.00483953
13,31,1.6955,0.149920,0.00289802
13,32,1.9426,0.128045,0.00289802
13,33,0.5993,0.127254,0.00289802
13,34,0.2154,0.125870,0.00214538
13,35,1.2570,0.126270,0.00214538
13,36,0.5015,0.115298,0.000736616
13,37,2.2587,0.153532,0.000736616
13,38,2.1793,0.152067,0.000736616
13,39,1.8037,0.156801,0.000736616
13,40,0.9124,0.130260,0.000736616
13,41,1.1084,0.104704,0.000126474
13,42,0.8360,0.085856,0.000126474
13,43,1.5708,0.087546,0.000126474
13,44,1.5520,0.071403,0.000117351
13,45,1.3093,0.059651,4.73469e-05
13,46,1.6735,0.055031,4.73469e-05
13,47,1.4356,0.051711,4.73469e-05
13,48,1.5359,0.039323,4.7006e-05
13,49,1.5874,0.031544,2.63534e-05
13,50,1.2417,0.028786,7.48845e-06
13,51,1.8693,0.025996,1.61138e-06
13,52,1.9183,0.019405,3.48541e-07
13,53,1.5259,0.017160,3.18802e-07
13,54,1.5222,0.013315,3.18802e-07
13,55,1.1507,0.011531,3.18802e-07
13,56,1.0674,0.009284,3.15223e-07
13,57,1.4809,0.008190,3.15223e-07
13,58,1.1172,0.007593,3.15223e-07
13,59,0.8761,0.006800,6.43344e-08
13,60,0.7462,0.006215,3.6842e-08
13,61,0.7456,0.004708,3.26356e-09
13,62,0.5075,0.003942,3.26356e-09
13,63,0.2895,0.003604,3.26356e-09
13,64,0.6631,0.003263,3.26356e-09
13,65,0.6699,0.002708,5.76313e-10
13,66,0.9221,0.002153,5.76313e-10
13,67,0.8583,0.001637,1.61803e-10
13,68,0.8579,0.001244,1.61803e-10
13,69,0.3364,0.001139,1.61803e-10
13,70,0.3107,0.001047,1.61803e-10
13,71,0.2236,0.000882,1.61803e-10
13,72,0.3404,0.000706,1.61803e-10
13,73,0.2693,0.000666,9.43894e-11
13,74,0.9614,0.000660,1.49154e-11
13,75,0.8073,0.000662,1.49154e-11
13,76,0.0719,0.000595,1.22913e-11
13,77,0.5251,0.000533,1.22913e-11
13,78,0.6312,0.000422,1.22913e-11
13,79,1.0688,0.000388,1.22494e-12
13,80,0.9302,0.000343,1.22494e-12
13,81,0.9853,0.000277,1.22494e-12
13,82,0.6632,0.000240,1.22494e-12
13,83,0.7853,0.000204,1.28838e-13
13,84,0.8659,0.000162,1.28838e-13
13,85,1.6514,0.000149,1.28838e-13
13,86,1.9475,0.000123,1.28838e-13
13,87,1.7387,0.000106,1.28838e-13
13,88,1.4713,0.000106,1.28838e-13
13,89,1.3471,0.000095,1.28838e-13
13,90,1.5100,0.000080,1.28838e-13
13,91,0.8540,0.000080,4.88803e-14
13,92,0.9802,0.000067,4.88803e-14
13,93,1.4407,0.000059,1.64154e-14
13,94,1.2990,0.000050,1.15792e-15
13,95,1.3810,0.000041,1.15792e-15
13,96,1.8465,0.000037,1.15792e-15
13,97,1.8372,0.000029,1.15792e-15
13,98,1.5776,0.000025,1.15792e-15
13,99,1.4537,0.000021,1.15792e-15
13,100,1.8509,0.000020,1.15792e-15
13,101,1.5620,0.000019,9.46735e-17
13,102,1.3343,0.000017,9.46735e-17
13,103,1.1315,0.000014,5.36953e-17
13,104,1.1277,0.000012,5.36953e-17
13,105,1.0313,0.000009,1.04102e-17
13,106,1.1089,0.000008,1.04102e-17
13,107,0.6676,0.000007,1.04102e-17
13,108,0.2839,0.000006,1.04102e-17
13,109,0.2883,0.000005,1.04102e-17
13,110,0.6230,0.000005,1.04102e-17
13,111,0.3214,0.000005,1.04102e-17
13,112,0.7892,0.000004,6.10282e-19
13,113,0.9646,0.000003,6.10282e-19
13,114,0.3053,0.000003,6.10282e-19
13,115,0.2871,0.000002,3.30625e-19
13,116,0.9337,0.000002,3.30625e-19
13,117,1.1428,0.000002,3.30625e-19
13,118,1.1187,0.000001,3.30625e-19
13,119,1.2629,0.000001,3.13446e-19
13,120,1.0672,0.000001,1.60159e-19
13,121,0.4094,0.000001,1.60159e-19
13,122,0.4973,0.000001,1.60159e-19
13,123,0.6289,0.000001,1.60159e-19
13,124,0.7633,0.000001,1.60159e-19
13,125,0.8076,0.000001,1.60159e-19
13,126,0.9728,0.000001,1.60159e-19
13,127,0.5536,0.000001,1.60159e-19
14,0,2.8202,0.931085,4.28047
14,1,22.6382,0.823622,1.24804
14,2,7.4903,1.184076,0.45932
14,3,5.1538,1.417829,0.312729
14,4,2.9663,1.117916,0.312729
14,5,2.0242,1.092216,0.312729
14,6,3.0927,0.858941,0.312729
14,7,3.1867,0.674995,0.222039
14,8,3.4468,0.533829,0.222039
14,9,0.9287,0.462260,0.222039
14,10,1.5404,0.442525,0.222039
14,11,2.5553,0.390793,0.222039
14,12,4.0251,0.435898,0.0759886
14,13,2.7175,0.419311,0.0759886
14,14,1.4921,0.406931,0.0759886
14,15,2.9205,0.385718,0.0313136
14,16,4.0384,0.427923,0.0313136
14,17,3.9274,0.326743,0.0305845
14,18,4.1242,0.253323,0.0302756
14,19,4.5657,0.211351,0.00729745
14,20,4.4449,0.188324,0.00461295
14,21,2.9513,0.187907,0.00131402
14,22,3.3565,0.172082,0.00131402
14,23,3.2944,0.140938,0.00131402
14,24,3.1905,0.116000,0.000885981
14,25,2.5208,0.105693,0.000798939
14,26,2.3738,0.082623,0.000257447
14,27,2.2873,0.072793,7.258e-05
14,28,0.9127,0.073809,7.258e-05
14,29,0.9169,0.063856,7.258e-05
14,30,0.0210,0.066396,7.258e-05
14,31,0.5301,0.061210,7.258e-05
14,32,1.1417,0.055050,1.60728e-06
14,33,0.4494,0.051030,1.60728e-06
14,34,0.6503,0.050292,1.60728e-06
14,35,0.5926,0.039227,1.60728e-06
14,36,0.6301,0.030552,1.60728e-06
14,37,0.8855,0.026066,1.60728e-06
14,38,0.5244,0.022386,1.60728e-06
14,39,0.7566,0.018711,1.60728e-06
14,40,0.0001,0.018378,9.60607e-07
14,41,0.4127,0.017593,9.60607e-07
14,42,0.6029,0.013532,7.30728e-07
14,43,0.6328,0.011384,2.98353e-07
14,44,0.6477,0.008787,2.98353e-07
14,45,0.9354,0.010177,2.98353e-07
14,46,1.3134,0.007827,2.42635e-07
14,47,1.2662,0.006331,8.69282e-08
14,48,1.0219,0.005585,8.63812e-08
14,49,1.1159,0.004554,5.40401e-08
14,50,1.2045,0.003783,5.21765e-08
14,51,0.5517,0.003779,3.70394e-08
14,52,0.5607,0.003327,1.03336e-08
14,53,0.3320,0.002888,5.1912e-09
14,54,0.5869,0.002466,1.71809e-09
14,55,0.6077,0.001913,1.71809e-09
14,56,0.1566,0.001796,1.71809e-09
14,57,0.3561,0.001427,1.71809e-09
14,58,0.4880,0.001166,1.71809e-09
14,59,0.7520,0.001093,4.25374e-10
14,60,0.4687,0.000983,4.11651e-11
14,61,0.5209,0.000796,4.11651e-11
14,62,0.3360,0.000745,4.11651e-11
14,63,0.0632,0.000603,4.11651e-11
14,64,0.0545,0.000494,7.99919e-12
14,65,0.0023,0.000438,7.99919e-12
14,66,1.4869,0.000561,7.99919e-12
14,67,0.6863,0.000476,7.99919e-12
14,68,0.5871,0.000376,2.3053e-12
14,69,0.1156,0.000404,2.3053e-12
14,70,0.1092,0.000374,2.3053e-12
14,71,0.1419,0.000307,2.3053e-12
14,72,0.0637,0.000241,2.3053e-12
14,73,0.5798,0.000225,2.3053e-12
14,74,0.4760,0.000188,2.3053e-12
14,75,1.5388,0.000186,1.22985e-12
14,76,2.0357,0.000183,1.22985e-12
14,77,1.5728,0.000173,1.88662e-13
14,78,0.3614,0.000196,1.88662e-13
14,79,0.3118,0.000171,1.88662e-13
14,80,0.1726,0.000135,1.88662e-13
14,81,0.1217,0.000105,5.06262e-14
14,82,0.2052,0.000092,5.06262e-14
14,83,0.3286,0.000077,3.33135e-14
14,84,0.8543,0.000073,3.33135e-14
14,85,0.5540,0.000063,3.33135e-14
14,86,0.6722,0.000052,5.94923e-15
14,87,0.7115,0.000042,5.94923e-15
14,88,0.7846,0.000041,5.94923e-15
14,89,0.9339,0.000033,4.31763e-15
14,90,1.0034,0.000026,1.11634e-15
14,91,1.0422,0.000020,5.8357e-16
14,92,0.5489,0.000020,5.8357e-16
14,93,0.4310,0.000019,5.8357e-16
14,94,0.5871,0.000018,5.8357e-16
14,95,0.2463,0.000015,5.8357e-16
14,96,0.4178,0.000016,1.6081e-16
14,97,0.4485,0.000014,1.6081e-16
14,98,0.1538,0.000013,1.6081e-16
14,99,0.0341,0.000013,1.6081e-16
14,100,0.0925,0.000013,1.6081e-16
14,101,0.0568,0.000010,1.14585e-16
14,102,0.0567,0.000008,1.14585e-16
14,103,0.0505,0.000006,1.14585e-16
14,104,0.0233,0.000005,5.65548e-17
14,105,0.1142,0.000004,1.35368e-17
14,106,0.0149,0.000004,9.57818e-18
14,107,0.3603,0.000004,5.92763e-18
14,108,0.4743,0.000003,4.14414e-18
14,109,0.4342,0.000003,1.46425e-18
14,110,0.5450,0.000002,1.46425e-18
14,111,0.5616,0.000002,3.9093e-19
14,112,0.4765,0.000001,3.9093e-19
14,113,0.6473,0.000001,3.9093e-19
14,114,0.5867,0.000001,3.9093e-19
14,115,0.4922,0.000001,3.70545e-19
14,116,0.7277,0.000001,5.75732e-20
14,117,0.0050,0.000001,5.75732e-20
14,118,0.0629,0.000001,5.75732e-20
14,119,0.4039,0.000001,5.75732e-20
14,120,0.0178,0.000001,5.75732e-20
14,121,0.3395,0.000001,1.77785e-20
14,122,0.3380,0.000001,1.06492e-21
14,123,0.3221,0.000000,1.06492e-21
14,124,0.6224,0.000000,1.06492e-21
14,125,0.5243,0.000000,1.06492e-21
14,126,0.4576,0.000000,1.06492e-21
14,127,0.4516,0.000000,1.83909e-22
15,0,4.4335,1.017136,3.83499
15,1,5.4470,0.928690,2.08328
15,2,2.2581,0.820582,2.08328
15,3,0.8161,0.706140,1.23667
15,4,0.7685,0.669165,1.23667
15,5,1.8269,0.867540,0.0395216
15,6,0.5424,0.713331,0.0395216
15,7,0.4997,0.539561,0.0395216
15,8,0.4369,0.431711,0.0395216
15,9,0.3205,0.468320,0.0395216
15,10,0.0550,0.448357,0.0395216
15,11,1.5024,0.435805,0.0395216
15,12,1.4521,0.553342,0.0395216
15,13,0.4405,0.577969,0.0395216
15,14,0.5980,0.483888,0.0395216
15,15,0.8573,0.404989,0.017231
15,16,1.2875,0.365047,0.0106254
15,17,1.4077,0.272005,0.0106254
15,18,1.3437,0.207853,0.000934257
15,19,0.5711,0.184944,0.000934257
15,20,0.1277,0.155013,0.000934257
15,21,0.0915,0.127703,0.000934257
15,22,0.2509,0.109926,0.000934257
15,23,0.0969,0.096437,0.000934257
15,24,0.8908,0.083118,0.000934257
15,25,0.5489,0.074684,6.106e-05
15,26,0.4124,0.062829,6.106e-05
15,27,0.3582,0.060978,2.95309e-06
15,28,0.0126,0.058747,2.95309e-06
15,29,0.1944,0.051888,2.95309e-06
15,30,0.4383,0.041310,2.95309e-06
15,31,0.5229,0.033190,2.95309e-06
15,32,0.1779,0.030238,2.95309e-06
15,33,0.2146,0.025176,2.95309e-06
15,34,0.2228,0.021265,2.95309e-06
15,35,0.1863,0.017151,2.95309e-06
15,36,0.2886,0.015054,2.95309e-06
15,37,0.5844,0.011681,2.95309e-06
15,38,0.1074,0.010355,2.95309e-06
15,39,0.9433,0.011202,6.54715e-07
15,40,0.1735,0.011473,6.54715e-07
15,41,0.2023,0.009837,6.05468e-07
15,42,0.2050,0.007917,1.84167e-07
15,43,0.5362,0.006884,9.91798e-08
15,44,1.1730,0.007675,9.91798e-08
15,45,1.2932,0.005774,6.64035e-08
15,46,0.9078,0.005127,4.31903e-08
15,47,0.8220,0.004097,2.15052e-08
15,48,0.8395,0.003220,4.44515e-09
15,49,1.0550,0.003049,4.44515e-09
15,50,0.4222,0.002739,4.44515e-09
15,51,0.4540,0.002337,3.17872e-09
15,52,0.2925,0.002024,3.17872e-09
15,53,0.2179,0.001555,2.34584e-09
15,54,0.2442,0.001254,1.22553e-09
15,55,0.2451,0.001049,1.00965e-09
15,56,0.0081,0.001030,1.00965e-09
15,57,0.0346,0.000796,1.00965e-09
15,58,1.1888,0.000950,1.00965e-09
15,59,1.0060,0.000901,1.00965e-09
15,60,0.9922,0.000720,1.00965e-09
15,61,0.3382,0.000705,3.26838e-10
15,62,0.1633,0.000642,3.26838e-10
15,63,0.0036,0.000586,3.26838e-10
15,64,0.5371,0.000575,1.75507e-10
15,65,0.5296,0.000476,7.22802e-11
15,66,0.5171,0.000405,7.22802e-11
15,67,0.4534,0.000344,7.22802e-11
15,68,0.9878,0.000353,2.80356e-11
15,69,1.3201,0.000349,2.80356e-11
15,70,0.7205,0.000350,2.59239e-11
15,71,0.2703,0.000354,2.94077e-12
15,72,0.1107,0.000357,2.94077e-12
15,73,0.0544,0.000298,2.94077e-12
15,74,0.0469,0.000229,2.26003e-12
15,75,1.6665,0.000279,2.26003e-12
15,76,1.5497,0.000249,2.26003e-12
15,77,1.5057,0.000187,7.15154e-13
15,78,1.5274,0.000154,5.67845e-13
15,79,1.5352,0.000119,2.37749e-13
15,80,1.4773,0.000098,2.37749e-13
15,81,1.5054,0.000076,2.37749e-13
15,82,1.4133,0.000074,1.08234e-13
15,83,1.4007,0.000058,3.17322e-14
15,84,1.3604,0.000046,2.40714e-15
15,85,1.4207,0.000040,2.40714e-15
15,86,1.6045,0.000037,2.40714e-15
15,87,1.6085,0.000029,2.40714e-15
15,88,1.2207,0.000026,1.00089e-15
15,89,0.6225,0.000026,1.00089e-15
15,90,0.5934,0.000019,4.37928e-16
15,91,0.7724,0.000016,4.37928e-16
15,92,0.8309,0.000017,4.37928e-16
15,93,0.6348,0.000015,4.37928e-16
15,94,0.3672,0.000012,1.70057e-16
15,95,0.1658,0.000010,1.70057e-16
15,96,0.1201,0.000008,1.70057e-16
15,97,0.2299,0.000007,7.90925e-17
15,98,0.1910,0.000006,3.89903e-17
15,99,0.4697,0.000005,1.07222e-17
15,100,0.4158,0.000004,7.78585e-18
15,101,0.2802,0.000003,7.3577e-18
15,102,0.2679,0.000003,4.36965e-19
15,103,0.4593,0.000002,4.36965e-19
15,104,0.5066,0.000002,4.36965e-19
15,105,1.1541,0.000002,3.92653e-19
15,106,1.1521,0.000001,8.48536e-20
15,107,1.2123,0.000001,8.48536e-20
15,108,1.1963,0.000001,8.48536e-20
15,109,1.0787,0.000001,8.48536e-20
15,110,1.0535,0.000001,4.41955e-21
15,111,1.1158,0.000000,4.41955e-21
15,112,1.5112,0.000000,4.41955e-21
15,113,1.5104,0.000000,4.41955e-21
15,114,1.4514,0.000000,4.41955e-21
15,115,1.5287,0.000000,6.35934e-22
15,116,2.2956,0.000000,3.34979e-22
15,117,2.1791,0.000000,3.34979e-22
15,118,2.1576,0.000000,3.34979e-22
15,119,2.0614,0.000000,3.34979e-22
15,120,2.1032,0.000000,3.34979e-22
15,121,1.8260,0.000000,3.34979e-22
15,122,2.6558,0.000000,1.17453e-22
15,123,2.9623,0.000000,1.17453e-22
15,124,3.6378,0.000000,1.17453e-22
15,125,4.2411,0.000000,1.17453e-22
15,126,4.5313,0.000000,2.5977e-23
15,127,4.5391,0.000000,2.5977e-23
