kappa,iter,residual
5,0,1.000000e+00
5,1,3.714443e-01
5,2,1.591904e-01
5,3,7.978073e-02
5,4,4.440452e-02
5,5,2.656237e-02
5,6,1.645860e-02
5,7,1.043400e-02
5,8,6.715273e-03
5,9,4.363340e-03
5,10,2.854284e-03
5,11,1.874627e-03
5,12,1.234813e-03
5,13,8.147277e-04
5,14,5.382493e-04
5,15,3.558475e-04
5,16,2.353985e-04
5,17,1.557693e-04
5,18,1.031070e-04
5,19,6.825905e-05
5,20,4.519595e-05
5,21,2.992764e-05
5,22,1.981904e-05
5,23,1.312536e-05
5,24,8.692830e-06
5,25,5.757337e-06
5,26,3.813249e-06
5,27,2.525659e-06
5,28,1.672870e-06
5,29,1.108035e-06
5,30,7.339217e-07
5,31,4.861253e-07
5,32,3.219955e-07
5,33,2.132813e-07
5,34,1.412726e-07
5,35,9.357582e-08
5,36,6.198273e-08
5,37,4.105616e-08
5,38,2.719486e-08
5,39,1.801339e-08
5,40,1.193177e-08
5,41,7.903406e-09
5,42,5.235089e-09
5,43,3.467640e-09
5,44,2.296911e-09
5,45,1.521438e-09
5,46,1.007778e-09
5,47,6.675366e-10
5,48,4.421662e-10
5,49,2.928843e-10
5,50,1.940022e-10
5,51,1.285042e-10
5,52,8.511926e-11
5,53,5.638174e-11
5,54,3.734643e-11
5,55,2.473773e-11
5,56,1.638591e-11
5,57,1.085378e-11
200,0,1.000000e+00
200,1,4.397964e-01
200,2,2.284513e-01
200,3,1.374814e-01
200,4,9.370265e-02
200,5,7.027720e-02
200,6,5.548902e-02
200,7,4.551203e-02
200,8,3.847415e-02
200,9,3.349871e-02
200,10,3.001429e-02
200,11,2.760028e-02
200,12,2.593032e-02
200,13,2.477328e-02
200,14,2.394821e-02
200,15,2.334635e-02
200,16,2.287974e-02
200,17,2.250468e-02
200,18,2.218188e-02
200,19,2.189544e-02
200,20,2.162922e-02
200,21,2.137770e-02
200,22,2.113481e-02
200,23,2.089866e-02
200,24,2.066709e-02
200,25,2.043945e-02
200,26,2.021497e-02
200,27,1.999343e-02
200,28,1.977454e-02
200,29,1.955820e-02
200,30,1.934432e-02
200,31,1.913282e-02
200,32,1.892367e-02
200,33,1.871682e-02
200,34,1.851224e-02
200,35,1.830991e-02
200,36,1.810979e-02
200,37,1.791187e-02
200,38,1.771611e-02
200,39,1.752249e-02
200,40,1.733098e-02
200,41,1.714157e-02
200,42,1.695423e-02
200,43,1.676894e-02
200,44,1.658567e-02
200,45,1.640441e-02
200,46,1.622512e-02
200,47,1.604780e-02
200,48,1.587241e-02
200,49,1.569895e-02
200,50,1.552737e-02
200,51,1.535767e-02
200,52,1.518983e-02
200,53,1.502382e-02
200,54,1.485963e-02
200,55,1.469723e-02
200,56,1.453660e-02
200,57,1.437773e-02
200,58,1.422060e-02
200,59,1.406518e-02
200,60,1.391147e-02
200,61,1.375943e-02
200,62,1.360905e-02
200,63,1.346032e-02
200,64,1.331321e-02
200,65,1.316771e-02
200,66,1.302381e-02
200,67,1.288147e-02
200,68,1.274069e-02
200,69,1.260145e-02
200,70,1.246373e-02
200,71,1.232751e-02
200,72,1.219278e-02
200,73,1.205953e-02
200,74,1.192773e-02
200,75,1.179738e-02
200,76,1.166844e-02
200,77,1.154092e-02
200,78,1.141479e-02
200,79,1.129004e-02
200,80,1.116665e-02
200,81,1.104461e-02
200,82,1.092390e-02
200,83,1.080452e-02
200,84,1.068644e-02
200,85,1.056964e-02
200,86,1.045413e-02
200,87,1.033988e-02
200,88,1.022687e-02
200,89,1.011510e-02
200,90,1.000456e-02
200,91,9.895218e-03
200,92,9.787073e-03
200,93,9.680111e-03
200,94,9.574318e-03
200,95,9.469681e-03
200,96,9.366187e-03
200,97,9.263825e-03
200,98,9.162581e-03
200,99,9.062444e-03
200,100,8.963401e-03
200,101,8.865441e-03
200,102,8.768551e-03
200,103,8.672720e-03
200,104,8.577936e-03
200,105,8.484189e-03
200,106,8.391466e-03
200,107,8.299756e-03
200,108,8.209048e-03
200,109,8.119332e-03
200,110,8.030596e-03
200,111,7.942831e-03
200,112,7.856024e-03
200,113,7.770166e-03
200,114,7.685246e-03
200,115,7.601255e-03
200,116,7.518181e-03
200,117,7.436016e-03
200,118,7.354748e-03
200,119,7.274368e-03
200,120,7.194867e-03
200,121,7.116235e-03
200,122,7.038462e-03
200,123,6.961539e-03
200,124,6.885457e-03
200,125,6.810206e-03
200,126,6.735778e-03
200,127,6.662163e-03
200,128,6.589353e-03
200,129,6.517338e-03
200,130,6.446111e-03
200,131,6.375662e-03
200,132,6.305982e-03
200,133,6.237065e-03
200,134,6.168900e-03
200,135,6.101481e-03
200,136,6.034798e-03
200,137,5.968844e-03
200,138,5.903611e-03
200,139,5.839091e-03
200,140,5.775276e-03
200,141,5.712158e-03
200,142,5.649730e-03
200,143,5.587985e-03
200,144,5.526914e-03
200,145,5.466511e-03
200,146,5.406768e-03
200,147,5.347678e-03
200,148,5.289233e-03
200,149,5.231427e-03
200,150,5.174254e-03
200,151,5.117704e-03
200,152,5.061773e-03
200,153,5.006454e-03
200,154,4.951738e-03
200,155,4.897621e-03
200,156,4.844095e-03
200,157,4.791155e-03
200,158,4.738792e-03
200,159,4.687002e-03
200,160,4.635779e-03
200,161,4.585114e-03
200,162,4.535004e-03
200,163,4.485441e-03
200,164,4.436420e-03
200,165,4.387935e-03
200,166,4.339979e-03
200,167,4.292548e-03
200,168,4.245635e-03
200,169,4.199235e-03
200,170,4.153342e-03
200,171,4.107950e-03
200,172,4.063055e-03
200,173,4.018650e-03
200,174,3.974730e-03
200,175,3.931291e-03
200,176,3.888326e-03
200,177,3.845831e-03
200,178,3.803800e-03
200,179,3.762228e-03
200,180,3.721111e-03
200,181,3.680443e-03
200,182,3.640220e-03
200,183,3.600436e-03
200,184,3.561087e-03
200,185,3.522168e-03
200,186,3.483675e-03
200,187,3.445602e-03
200,188,3.407945e-03
200,189,3.370700e-03
200,190,3.333862e-03
200,191,3.297426e-03
200,192,3.261389e-03
200,193,3.225746e-03
200,194,3.190492e-03
200,195,3.155623e-03
200,196,3.121135e-03
200,197,3.087025e-03
200,198,3.053287e-03
200,199,3.019918e-03
200,200,2.986913e-03
200,201,2.954269e-03
200,202,2.921982e-03
200,203,2.890048e-03
200,204,2.858463e-03
200,205,2.827223e-03
200,206,2.796325e-03
200,207,2.765764e-03
200,208,2.735537e-03
200,209,2.705640e-03
200,210,2.676071e-03
200,211,2.646824e-03
200,212,2.617897e-03
200,213,2.589286e-03
200,214,2.560988e-03
200,215,2.532999e-03
200,216,2.505316e-03
200,217,2.477936e-03
200,218,2.450855e-03
200,219,2.424069e-03
200,220,2.397577e-03
200,221,2.371374e-03
200,222,2.345457e-03
200,223,2.319824e-03
200,224,2.294471e-03
200,225,2.269395e-03
200,226,2.244593e-03
200,227,2.220062e-03
200,228,2.195799e-03
200,229,2.171801e-03
200,230,2.148065e-03
200,231,2.124589e-03
200,232,2.101370e-03
200,233,2.078404e-03
200,234,2.055689e-03
200,235,2.033223e-03
200,236,2.011002e-03
200,237,1.989024e-03
200,238,1.967286e-03
200,239,1.945786e-03
200,240,1.924520e-03
200,241,1.903487e-03
200,242,1.882684e-03
200,243,1.862108e-03
200,244,1.841758e-03
200,245,1.821629e-03
200,246,1.801721e-03
200,247,1.782030e-03
200,248,1.762554e-03
200,249,1.743291e-03
200,250,1.724239e-03
200,251,1.705395e-03
200,252,1.686757e-03
200,253,1.668322e-03
200,254,1.650089e-03
200,255,1.632056e-03
200,256,1.614219e-03
200,257,1.596577e-03
200,258,1.579128e-03
200,259,1.561870e-03
200,260,1.544801e-03
200,261,1.527918e-03
200,262,1.511219e-03
200,263,1.494703e-03
200,264,1.478368e-03
200,265,1.462211e-03
200,266,1.446230e-03
200,267,1.430424e-03
200,268,1.414791e-03
200,269,1.399329e-03
200,270,1.384036e-03
200,271,1.368910e-03
200,272,1.353949e-03
200,273,1.339152e-03
200,274,1.324517e-03
200,275,1.310041e-03
200,276,1.295724e-03
200,277,1.281563e-03
200,278,1.267557e-03
200,279,1.253704e-03
200,280,1.240002e-03
200,281,1.226450e-03
200,282,1.213046e-03
200,283,1.199789e-03
200,284,1.186677e-03
200,285,1.173707e-03
200,286,1.160880e-03
200,287,1.148193e-03
200,288,1.135644e-03
200,289,1.123233e-03
200,290,1.110957e-03
200,291,1.098816e-03
200,292,1.086807e-03
200,293,1.074929e-03
200,294,1.063181e-03
200,295,1.051562e-03
200,296,1.040069e-03
200,297,1.028703e-03
200,298,1.017460e-03
200,299,1.006340e-03
200,300,9.953420e-04
200,301,9.844640e-04
200,302,9.737049e-04
200,303,9.630633e-04
200,304,9.525380e-04
200,305,9.421278e-04
200,306,9.318314e-04
200,307,9.216474e-04
200,308,9.115748e-04
200,309,9.016123e-04
200,310,8.917586e-04
200,311,8.820127e-04
200,312,8.723732e-04
200,313,8.628391e-04
200,314,8.534092e-04
200,315,8.440823e-04
200,316,8.348574e-04
200,317,8.257333e-04
200,318,8.167089e-04
200,319,8.077832e-04
200,320,7.989550e-04
200,321,7.902232e-04
200,322,7.815869e-04
200,323,7.730450e-04
200,324,7.645965e-04
200,325,7.562402e-04
200,326,7.479753e-04
200,327,7.398008e-04
200,328,7.317155e-04
200,329,7.237187e-04
200,330,7.158092e-04
200,331,7.079862e-04
200,332,7.002486e-04
200,333,6.925957e-04
200,334,6.850263e-04
200,335,6.775397e-04
200,336,6.701349e-04
200,337,6.628111e-04
200,338,6.555672e-04
200,339,6.484026e-04
200,340,6.413162e-04
200,341,6.343073e-04
200,342,6.273750e-04
200,343,6.205185e-04
200,344,6.137369e-04
200,345,6.070294e-04
200,346,6.003952e-04
200,347,5.938335e-04
200,348,5.873436e-04
200,349,5.809245e-04
200,350,5.745757e-04
200,351,5.682962e-04
200,352,5.620853e-04
200,353,5.559423e-04
200,354,5.498664e-04
200,355,5.438570e-04
200,356,5.379132e-04
200,357,5.320344e-04
200,358,5.262198e-04
200,359,5.204688e-04
200,360,5.147806e-04
200,361,5.091546e-04
200,362,5.035901e-04
200,363,4.980864e-04
200,364,4.926429e-04
200,365,4.872588e-04
200,366,4.819336e-04
200,367,4.766666e-04
200,368,4.714571e-04
200,369,4.663046e-04
200,370,4.612084e-04
200,371,4.561678e-04
200,372,4.511824e-04
200,373,4.462515e-04
200,374,4.413744e-04
200,375,4.365507e-04
200,376,4.317796e-04
200,377,4.270607e-04
200,378,4.223934e-04
200,379,4.177771e-04
200,380,4.132113e-04
200,381,4.086953e-04
200,382,4.042287e-04
200,383,3.998109e-04
200,384,3.954414e-04
200,385,3.911196e-04
200,386,3.868451e-04
200,387,3.826173e-04
200,388,3.784357e-04
200,389,3.742998e-04
200,390,3.702091e-04
200,391,3.661631e-04
200,392,3.621614e-04
200,393,3.582033e-04
200,394,3.542885e-04
200,395,3.504165e-04
200,396,3.465869e-04
200,397,3.427990e-04
200,398,3.390526e-04
200,399,3.353471e-04
200,400,3.316821e-04
200,401,3.280572e-04
200,402,3.244719e-04
200,403,3.209258e-04
200,404,3.174184e-04
200,405,3.139493e-04
200,406,3.105182e-04
200,407,3.071246e-04
200,408,3.037680e-04
200,409,3.004482e-04
200,410,2.971646e-04
200,411,2.939169e-04
200,412,2.907047e-04
200,413,2.875276e-04
200,414,2.843852e-04
200,415,2.812772e-04
200,416,2.782032e-04
200,417,2.751627e-04
200,418,2.721555e-04
200,419,2.691811e-04
200,420,2.662392e-04
200,421,2.633295e-04
200,422,2.604516e-04
200,423,2.576051e-04
200,424,2.547898e-04
200,425,2.520052e-04
200,426,2.492511e-04
200,427,2.465270e-04
200,428,2.438327e-04
200,429,2.411679e-04
200,430,2.385322e-04
200,431,2.359253e-04
200,432,2.333469e-04
200,433,2.307967e-04
200,434,2.282743e-04
200,435,2.257795e-04
200,436,2.233120e-04
200,437,2.208714e-04
200,438,2.184575e-04
200,439,2.160700e-04
200,440,2.137086e-04
200,441,2.113730e-04
200,442,2.090629e-04
200,443,2.067781e-04
200,444,2.045182e-04
200,445,2.022830e-04
200,446,2.000723e-04
200,447,1.978857e-04
200,448,1.957231e-04
200,449,1.935840e-04
200,450,1.914683e-04
200,451,1.893758e-04
200,452,1.873061e-04
200,453,1.852591e-04
200,454,1.832344e-04
200,455,1.812318e-04
200,456,1.792512e-04
200,457,1.772921e-04
200,458,1.753545e-04
200,459,1.734381e-04
200,460,1.715426e-04
200,461,1.696678e-04
200,462,1.678135e-04
200,463,1.659795e-04
200,464,1.641655e-04
200,465,1.623714e-04
200,466,1.605968e-04
200,467,1.588417e-04
200,468,1.571057e-04
200,469,1.553887e-04
200,470,1.536905e-04
200,471,1.520108e-04
200,472,1.503495e-04
200,473,1.487063e-04
200,474,1.470811e-04
200,475,1.454737e-04
200,476,1.438838e-04
200,477,1.423113e-04
200,478,1.407560e-04
200,479,1.392177e-04
200,480,1.376962e-04
200,481,1.361913e-04
200,482,1.347029e-04
200,483,1.332307e-04
200,484,1.317747e-04
200,485,1.303345e-04
200,486,1.289101e-04
200,487,1.275012e-04
200,488,1.261078e-04
200,489,1.247296e-04
200,490,1.233664e-04
200,491,1.220181e-04
200,492,1.206846e-04
200,493,1.193657e-04
200,494,1.180611e-04
200,495,1.167708e-04
200,496,1.154946e-04
200,497,1.142324e-04
200,498,1.129840e-04
200,499,1.117492e-04
200,500,1.105279e-04
200,501,1.093199e-04
200,502,1.081252e-04
200,503,1.069435e-04
200,504,1.057747e-04
200,505,1.046187e-04
200,506,1.034753e-04
200,507,1.023445e-04
200,508,1.012259e-04
200,509,1.001197e-04
200,510,9.902545e-05
200,511,9.794321e-05
200,512,9.687279e-05
200,513,9.581408e-05
200,514,9.476693e-05
200,515,9.373123e-05
200,516,9.270685e-05
200,517,9.169366e-05
200,518,9.069155e-05
200,519,8.970038e-05
200,520,8.872006e-05
200,521,8.775044e-05
200,522,8.679142e-05
200,523,8.584288e-05
200,524,8.490471e-05
200,525,8.397679e-05
200,526,8.305902e-05
200,527,8.215127e-05
200,528,8.125345e-05
200,529,8.036543e-05
200,530,7.948712e-05
200,531,7.861841e-05
200,532,7.775920e-05
200,533,7.690937e-05
200,534,7.606884e-05
200,535,7.523748e-05
200,536,7.441522e-05
200,537,7.360194e-05
200,538,7.279755e-05
200,539,7.200195e-05
200,540,7.121505e-05
200,541,7.043674e-05
200,542,6.966694e-05
200,543,6.890556e-05
200,544,6.815249e-05
200,545,6.740766e-05
200,546,6.667096e-05
200,547,6.594232e-05
200,548,6.522164e-05
200,549,6.450884e-05
200,550,6.380383e-05
200,551,6.310652e-05
200,552,6.241683e-05
200,553,6.173468e-05
200,554,6.105999e-05
200,555,6.039267e-05
200,556,5.973264e-05
200,557,5.907983e-05
200,558,5.843415e-05
200,559,5.779552e-05
200,560,5.716388e-05
200,561,5.653914e-05
200,562,5.592123e-05
200,563,5.531007e-05
200,564,5.470559e-05
200,565,5.410772e-05
200,566,5.351638e-05
200,567,5.293150e-05
200,568,5.235301e-05
200,569,5.178085e-05
200,570,5.121494e-05
200,571,5.065522e-05
200,572,5.010161e-05
200,573,4.955405e-05
200,574,4.901248e-05
200,575,4.847683e-05
200,576,4.794703e-05
200,577,4.742302e-05
200,578,4.690473e-05
200,579,4.639211e-05
200,580,4.588510e-05
200,581,4.538362e-05
200,582,4.488763e-05
200,583,4.439705e-05
200,584,4.391184e-05
200,585,4.343193e-05
200,586,4.295727e-05
200,587,4.248779e-05
200,588,4.202344e-05
200,589,4.156417e-05
200,590,4.110992e-05
200,591,4.066063e-05
200,592,4.021626e-05
200,593,3.977673e-05
200,594,3.934202e-05
200,595,3.891205e-05
200,596,3.848678e-05
200,597,3.806616e-05
200,598,3.765014e-05
200,599,3.723867e-05
200,600,3.683169e-05
200,601,3.642916e-05
200,602,3.603102e-05
200,603,3.563724e-05
200,604,3.524777e-05
200,605,3.486255e-05
200,606,3.448154e-05
200,607,3.410469e-05
200,608,3.373196e-05
200,609,3.336331e-05
200,610,3.299868e-05
200,611,3.263804e-05
200,612,3.228134e-05
200,613,3.192854e-05
200,614,3.157960e-05
200,615,3.123447e-05
200,616,3.089311e-05
200,617,3.055548e-05
200,618,3.022154e-05
200,619,2.989125e-05
200,620,2.956457e-05
200,621,2.924146e-05
200,622,2.892188e-05
200,623,2.860580e-05
200,624,2.829317e-05
200,625,2.798395e-05
200,626,2.767812e-05
200,627,2.737563e-05
200,628,2.707644e-05
200,629,2.678052e-05
200,630,2.648784e-05
200,631,2.619836e-05
200,632,2.591204e-05
200,633,2.562884e-05
200,634,2.534875e-05
200,635,2.507171e-05
200,636,2.479771e-05
200,637,2.452669e-05
200,638,2.425864e-05
200,639,2.399352e-05
200,640,2.373130e-05
200,641,2.347194e-05
200,642,2.321542e-05
200,643,2.296170e-05
200,644,2.271075e-05
200,645,2.246255e-05
200,646,2.221706e-05
200,647,2.197425e-05
200,648,2.173409e-05
200,649,2.149656e-05
200,650,2.126163e-05
200,651,2.102926e-05
200,652,2.079943e-05
200,653,2.057212e-05
200,654,2.034729e-05
200,655,2.012491e-05
200,656,1.990497e-05
200,657,1.968743e-05
200,658,1.947226e-05
200,659,1.925945e-05
200,660,1.904897e-05
200,661,1.884078e-05
200,662,1.863487e-05
200,663,1.843121e-05
200,664,1.822978e-05
200,665,1.803055e-05
200,666,1.783349e-05
200,667,1.763859e-05
200,668,1.744582e-05
200,669,1.725516e-05
200,670,1.706658e-05
200,671,1.688006e-05
200,672,1.669558e-05
200,673,1.651311e-05
200,674,1.633264e-05
200,675,1.615414e-05
200,676,1.597760e-05
200,677,1.580298e-05
200,678,1.563027e-05
200,679,1.545945e-05
200,680,1.529049e-05
200,681,1.512338e-05
200,682,1.495810e-05
200,683,1.479462e-05
200,684,1.463293e-05
200,685,1.447301e-05
200,686,1.431484e-05
200,687,1.415839e-05
200,688,1.400365e-05
200,689,1.385061e-05
200,690,1.369924e-05
200,691,1.354952e-05
200,692,1.340144e-05
200,693,1.325497e-05
200,694,1.311011e-05
200,695,1.296683e-05
200,696,1.282512e-05
200,697,1.268495e-05
200,698,1.254632e-05
200,699,1.240920e-05
200,700,1.227358e-05
200,701,1.213945e-05
200,702,1.200677e-05
200,703,1.187555e-05
200,704,1.174577e-05
200,705,1.161740e-05
200,706,1.149043e-05
200,707,1.136485e-05
200,708,1.124065e-05
200,709,1.111780e-05
200,710,1.099629e-05
200,711,1.087612e-05
200,712,1.075725e-05
200,713,1.063969e-05
200,714,1.052341e-05
200,715,1.040840e-05
200,716,1.029464e-05
200,717,1.018213e-05
200,718,1.007085e-05
200,719,9.960791e-06
200,720,9.851930e-06
200,721,9.744259e-06
200,722,9.637765e-06
200,723,9.532434e-06
200,724,9.428255e-06
200,725,9.325214e-06
200,726,9.223299e-06
200,727,9.122498e-06
200,728,9.022799e-06
200,729,8.924190e-06
200,730,8.826658e-06
200,731,8.730192e-06
200,732,8.634780e-06
200,733,8.540411e-06
200,734,8.447074e-06
200,735,8.354756e-06
200,736,8.263448e-06
200,737,8.173137e-06
200,738,8.083813e-06
200,739,7.995466e-06
200,740,7.908084e-06
200,741,7.821657e-06
200,742,7.736175e-06
200,743,7.651626e-06
200,744,7.568002e-06
200,745,7.485292e-06
200,746,7.403486e-06
200,747,7.322574e-06
200,748,7.242546e-06
200,749,7.163392e-06
200,750,7.085104e-06
200,751,7.007672e-06
200,752,6.931085e-06
200,753,6.855336e-06
200,754,6.780414e-06
200,755,6.706312e-06
200,756,6.633019e-06
200,757,6.560527e-06
200,758,6.488827e-06
200,759,6.417911e-06
200,760,6.347771e-06
200,761,6.278396e-06
200,762,6.209780e-06
200,763,6.141914e-06
200,764,6.074789e-06
200,765,6.008398e-06
200,766,5.942733e-06
200,767,5.877785e-06
200,768,5.813547e-06
200,769,5.750011e-06
200,770,5.687170e-06
200,771,5.625015e-06
200,772,5.563540e-06
200,773,5.502736e-06
200,774,5.442597e-06
200,775,5.383115e-06
200,776,5.324284e-06
200,777,5.266095e-06
200,778,5.208542e-06
200,779,5.151618e-06
200,780,5.095317e-06
200,781,5.039630e-06
200,782,4.984552e-06
200,783,4.930077e-06
200,784,4.876196e-06
200,785,4.822904e-06
200,786,4.770195e-06
200,787,4.718062e-06
200,788,4.666499e-06
200,789,4.615499e-06
200,790,4.565056e-06
200,791,4.515165e-06
200,792,4.465819e-06
200,793,4.417013e-06
200,794,4.368739e-06
200,795,4.320994e-06
200,796,4.273770e-06
200,797,4.227062e-06
200,798,4.180865e-06
200,799,4.135172e-06
200,800,4.089979e-06
200,801,4.045280e-06
200,802,4.001070e-06
200,803,3.957342e-06
200,804,3.914093e-06
200,805,3.871316e-06
200,806,3.829007e-06
200,807,3.787160e-06
200,808,3.745770e-06
200,809,3.704833e-06
200,810,3.664343e-06
200,811,3.624295e-06
200,812,3.584686e-06
200,813,3.545509e-06
200,814,3.506760e-06
200,815,3.468435e-06
200,816,3.430529e-06
200,817,3.393037e-06
200,818,3.355955e-06
200,819,3.319278e-06
200,820,3.283001e-06
200,821,3.247122e-06
200,822,3.211634e-06
200,823,3.176534e-06
200,824,3.141818e-06
200,825,3.107482e-06
200,826,3.073520e-06
200,827,3.039930e-06
200,828,3.006707e-06
200,829,2.973847e-06
200,830,2.941346e-06
200,831,2.909200e-06
200,832,2.877405e-06
200,833,2.845958e-06
200,834,2.814855e-06
200,835,2.784092e-06
200,836,2.753665e-06
200,837,2.723570e-06
200,838,2.693804e-06
200,839,2.664364e-06
200,840,2.635245e-06
200,841,2.606445e-06
200,842,2.577959e-06
200,843,2.549785e-06
200,844,2.521918e-06
200,845,2.494356e-06
200,846,2.467096e-06
200,847,2.440133e-06
200,848,2.413465e-06
200,849,2.387088e-06
200,850,2.361000e-06
200,851,2.335197e-06
200,852,2.309676e-06
200,853,2.284433e-06
200,854,2.259467e-06
200,855,2.234773e-06
200,856,2.210350e-06
200,857,2.186193e-06
200,858,2.162300e-06
200,859,2.138669e-06
200,860,2.115295e-06
200,861,2.092177e-06
200,862,2.069312e-06
200,863,2.046697e-06
200,864,2.024328e-06
200,865,2.002205e-06
200,866,1.980323e-06
200,867,1.958680e-06
200,868,1.937274e-06
200,869,1.916101e-06
200,870,1.895160e-06
200,871,1.874448e-06
200,872,1.853963e-06
200,873,1.833701e-06
200,874,1.813660e-06
200,875,1.793839e-06
200,876,1.774234e-06
200,877,1.754844e-06
200,878,1.735665e-06
200,879,1.716696e-06
200,880,1.697934e-06
200,881,1.679378e-06
200,882,1.661024e-06
200,883,1.642871e-06
200,884,1.624916e-06
200,885,1.607157e-06
200,886,1.589593e-06
200,887,1.572220e-06
200,888,1.555038e-06
200,889,1.538043e-06
200,890,1.521234e-06
200,891,1.504608e-06
200,892,1.488164e-06
200,893,1.471900e-06
200,894,1.455814e-06
200,895,1.439904e-06
200,896,1.424167e-06
200,897,1.408602e-06
200,898,1.393208e-06
200,899,1.377981e-06
200,900,1.362922e-06
200,901,1.348026e-06
200,902,1.333294e-06
200,903,1.318722e-06
200,904,1.304310e-06
200,905,1.290055e-06
200,906,1.275956e-06
200,907,1.262012e-06
200,908,1.248219e-06
200,909,1.234577e-06
200,910,1.221085e-06
200,911,1.207740e-06
200,912,1.194540e-06
200,913,1.181485e-06
200,914,1.168573e-06
200,915,1.155802e-06
200,916,1.143170e-06
200,917,1.130676e-06
200,918,1.118319e-06
200,919,1.106097e-06
200,920,1.094009e-06
200,921,1.082052e-06
200,922,1.070227e-06
200,923,1.058530e-06
200,924,1.046962e-06
200,925,1.035520e-06
200,926,1.024202e-06
200,927,1.013009e-06
200,928,1.001938e-06
200,929,9.909878e-07
200,930,9.801574e-07
200,931,9.694453e-07
200,932,9.588503e-07
200,933,9.483711e-07
200,934,9.380064e-07
200,935,9.277550e-07
200,936,9.176156e-07
200,937,9.075870e-07
200,938,8.976681e-07
200,939,8.878575e-07
200,940,8.781542e-07
200,941,8.685569e-07
200,942,8.590645e-07
200,943,8.496758e-07
200,944,8.403898e-07
200,945,8.312052e-07
200,946,8.221210e-07
200,947,8.131361e-07
200,948,8.042494e-07
200,949,7.954598e-07
200,950,7.867663e-07
200,951,7.781678e-07
200,952,7.696633e-07
200,953,7.612517e-07
200,954,7.529320e-07
200,955,7.447032e-07
200,956,7.365644e-07
200,957,7.285146e-07
200,958,7.205527e-07
200,959,7.126778e-07
200,960,7.048890e-07
200,961,6.971853e-07
200,962,6.895658e-07
200,963,6.820296e-07
200,964,6.745757e-07
200,965,6.672034e-07
200,966,6.599115e-07
200,967,6.526994e-07
200,968,6.455661e-07
200,969,6.385107e-07
200,970,6.315325e-07
200,971,6.246305e-07
200,972,6.178040e-07
200,973,6.110520e-07
200,974,6.043739e-07
200,975,5.977687e-07
200,976,5.912358e-07
200,977,5.847742e-07
200,978,5.783832e-07
200,979,5.720621e-07
200,980,5.658101e-07
200,981,5.596264e-07
200,982,5.535103e-07
200,983,5.474610e-07
200,984,5.414778e-07
200,985,5.355600e-07
200,986,5.297069e-07
200,987,5.239178e-07
200,988,5.181920e-07
200,989,5.125287e-07
200,990,5.069273e-07
200,991,5.013871e-07
200,992,4.959075e-07
200,993,4.904877e-07
200,994,4.851272e-07
200,995,4.798253e-07
200,996,4.745813e-07
200,997,4.693947e-07
200,998,4.642647e-07
200,999,4.591908e-07
200,1000,4.541723e-07
200,1001,4.492087e-07
200,1002,4.442993e-07
200,1003,4.394436e-07
200,1004,4.346409e-07
200,1005,4.298908e-07
200,1006,4.251925e-07
200,1007,4.205456e-07
200,1008,4.159495e-07
200,1009,4.114036e-07
200,1010,4.069074e-07
200,1011,4.024604e-07
200,1012,3.980619e-07
200,1013,3.937115e-07
200,1014,3.894087e-07
200,1015,3.851528e-07
200,1016,3.809435e-07
200,1017,3.767802e-07
200,1018,3.726624e-07
200,1019,3.685896e-07
200,1020,3.645613e-07
200,1021,3.605771e-07
200,1022,3.566363e-07
200,1023,3.527387e-07
200,1024,3.488836e-07
200,1025,3.450707e-07
200,1026,3.412994e-07
200,1027,3.375694e-07
200,1028,3.338801e-07
200,1029,3.302312e-07
200,1030,3.266221e-07
200,1031,3.230525e-07
200,1032,3.195218e-07
200,1033,3.160298e-07
200,1034,3.125759e-07
200,1035,3.091598e-07
200,1036,3.057810e-07
200,1037,3.024392e-07
200,1038,2.991338e-07
200,1039,2.958646e-07
200,1040,2.926311e-07
200,1041,2.894330e-07
200,1042,2.862698e-07
200,1043,2.831412e-07
200,1044,2.800467e-07
200,1045,2.769861e-07
200,1046,2.739590e-07
200,1047,2.709649e-07
200,1048,2.680035e-07
200,1049,2.650745e-07
200,1050,2.621776e-07
200,1051,2.593122e-07
200,1052,2.564782e-07
200,1053,2.536752e-07
200,1054,2.509028e-07
200,1055,2.481607e-07
200,1056,2.454486e-07
200,1057,2.427661e-07
200,1058,2.401129e-07
200,1059,2.374887e-07
200,1060,2.348932e-07
200,1061,2.323261e-07
200,1062,2.297870e-07
200,1063,2.272757e-07
200,1064,2.247918e-07
200,1065,2.223351e-07
200,1066,2.199052e-07
200,1067,2.175019e-07
200,1068,2.151248e-07
200,1069,2.127737e-07
200,1070,2.104483e-07
200,1071,2.081483e-07
200,1072,2.058735e-07
200,1073,2.036235e-07
200,1074,2.013981e-07
200,1075,1.991971e-07
200,1076,1.970201e-07
200,1077,1.948668e-07
200,1078,1.927372e-07
200,1079,1.906307e-07
200,1080,1.885474e-07
200,1081,1.864867e-07
200,1082,1.844486e-07
200,1083,1.824328e-07
200,1084,1.804390e-07
200,1085,1.784670e-07
200,1086,1.765165e-07
200,1087,1.745874e-07
200,1088,1.726794e-07
200,1089,1.707922e-07
200,1090,1.689256e-07
200,1091,1.670794e-07
200,1092,1.652534e-07
200,1093,1.634474e-07
200,1094,1.616611e-07
200,1095,1.598943e-07
200,1096,1.581468e-07
200,1097,1.564184e-07
200,1098,1.547089e-07
200,1099,1.530181e-07
200,1100,1.513458e-07
200,1101,1.496918e-07
200,1102,1.480558e-07
200,1103,1.464377e-07
200,1104,1.448373e-07
200,1105,1.432544e-07
200,1106,1.416888e-07
200,1107,1.401402e-07
200,1108,1.386087e-07
200,1109,1.370938e-07
200,1110,1.355955e-07
200,1111,1.341136e-07
200,1112,1.326479e-07
200,1113,1.311982e-07
200,1114,1.297643e-07
200,1115,1.283462e-07
200,1116,1.269435e-07
200,1117,1.255561e-07
200,1118,1.241839e-07
200,1119,1.228267e-07
200,1120,1.214844e-07
200,1121,1.201567e-07
200,1122,1.188435e-07
200,1123,1.175446e-07
200,1124,1.162600e-07
200,1125,1.149894e-07
200,1126,1.137327e-07
200,1127,1.124897e-07
200,1128,1.112603e-07
200,1129,1.100444e-07
200,1130,1.088417e-07
200,1131,1.076522e-07
200,1132,1.064757e-07
200,1133,1.053120e-07
200,1134,1.041610e-07
200,1135,1.030227e-07
200,1136,1.018967e-07
200,1137,1.007831e-07
200,1138,9.968167e-08
200,1139,9.859225e-08
200,1140,9.751475e-08
200,1141,9.644901e-08
200,1142,9.539493e-08
200,1143,9.435236e-08
200,1144,9.332119e-08
200,1145,9.230129e-08
200,1146,9.129254e-08
200,1147,9.029481e-08
200,1148,8.930798e-08
200,1149,8.833194e-08
200,1150,8.736657e-08
200,1151,8.641174e-08
200,1152,8.546735e-08
200,1153,8.453329e-08
200,1154,8.360943e-08
200,1155,8.269567e-08
200,1156,8.179189e-08
200,1157,8.089799e-08
200,1158,8.001387e-08
200,1159,7.913940e-08
200,1160,7.827449e-08
200,1161,7.741903e-08
200,1162,7.657293e-08
200,1163,7.573607e-08
200,1164,7.490835e-08
200,1165,7.408968e-08
200,1166,7.327996e-08
200,1167,7.247909e-08
200,1168,7.168697e-08
200,1169,7.090351e-08
200,1170,7.012861e-08
200,1171,6.936218e-08
200,1172,6.860412e-08
200,1173,6.785435e-08
200,1174,6.711278e-08
200,1175,6.637931e-08
200,1176,6.565385e-08
200,1177,6.493632e-08
200,1178,6.422664e-08
200,1179,6.352471e-08
200,1180,6.283045e-08
200,1181,6.214378e-08
200,1182,6.146462e-08
200,1183,6.079288e-08
200,1184,6.012847e-08
200,1185,5.947133e-08
200,1186,5.882138e-08
200,1187,5.817852e-08
200,1188,5.754269e-08
200,1189,5.691381e-08
200,1190,5.629180e-08
200,1191,5.567660e-08
200,1192,5.506811e-08
200,1193,5.446627e-08
200,1194,5.387102e-08
200,1195,5.328226e-08
200,1196,5.269994e-08
200,1197,5.212399e-08
200,1198,5.155433e-08
200,1199,5.099090e-08
200,1200,5.043362e-08
200,1201,4.988243e-08
200,1202,4.933727e-08
200,1203,4.879807e-08
200,1204,4.826476e-08
200,1205,4.773728e-08
200,1206,4.721556e-08
200,1207,4.669954e-08
200,1208,4.618917e-08
200,1209,4.568437e-08
200,1210,4.518509e-08
200,1211,4.469126e-08
200,1212,4.420283e-08
200,1213,4.371974e-08
200,1214,4.324193e-08
200,1215,4.276935e-08
200,1216,4.230192e-08
200,1217,4.183961e-08
200,1218,4.138235e-08
200,1219,4.093008e-08
200,1220,4.048276e-08
200,1221,4.004033e-08
200,1222,3.960273e-08
200,1223,3.916991e-08
200,1224,3.874183e-08
200,1225,3.831842e-08
200,1226,3.789964e-08
200,1227,3.748544e-08
200,1228,3.707576e-08
200,1229,3.667056e-08
200,1230,3.626979e-08
200,1231,3.587340e-08
200,1232,3.548134e-08
200,1233,3.509357e-08
200,1234,3.471004e-08
200,1235,3.433069e-08
200,1236,3.395549e-08
200,1237,3.358440e-08
200,1238,3.321736e-08
200,1239,3.285433e-08
200,1240,3.249526e-08
200,1241,3.214012e-08
200,1242,3.178887e-08
200,1243,3.144145e-08
200,1244,3.109783e-08
200,1245,3.075796e-08
200,1246,3.042181e-08
200,1247,3.008933e-08
200,1248,2.976049e-08
200,1249,2.943524e-08
200,1250,2.911354e-08
200,1251,2.879536e-08
200,1252,2.848066e-08
200,1253,2.816939e-08
200,1254,2.786153e-08
200,1255,2.755704e-08
200,1256,2.725587e-08
200,1257,2.695799e-08
200,1258,2.666337e-08
200,1259,2.637197e-08
200,1260,2.608375e-08
200,1261,2.579868e-08
200,1262,2.551673e-08
200,1263,2.523786e-08
200,1264,2.496204e-08
200,1265,2.468923e-08
200,1266,2.441940e-08
200,1267,2.415252e-08
200,1268,2.388856e-08
200,1269,2.362748e-08
200,1270,2.336926e-08
200,1271,2.311386e-08
200,1272,2.286125e-08
200,1273,2.261140e-08
200,1274,2.236428e-08
200,1275,2.211986e-08
200,1276,2.187812e-08
200,1277,2.163901e-08
200,1278,2.140252e-08
200,1279,2.116862e-08
200,1280,2.093727e-08
200,1281,2.070844e-08
200,1282,2.048212e-08
200,1283,2.025827e-08
200,1284,2.003687e-08
200,1285,1.981789e-08
200,1286,1.960130e-08
200,1287,1.938708e-08
200,1288,1.917520e-08
200,1289,1.896564e-08
200,1290,1.875836e-08
200,1291,1.855335e-08
200,1292,1.835059e-08
200,1293,1.815003e-08
200,1294,1.795167e-08
200,1295,1.775548e-08
200,1296,1.756143e-08
200,1297,1.736950e-08
200,1298,1.717967e-08
200,1299,1.699192e-08
200,1300,1.680621e-08
200,1301,1.662254e-08
200,1302,1.644087e-08
200,1303,1.626119e-08
200,1304,1.608348e-08
200,1305,1.590770e-08
200,1306,1.573385e-08
200,1307,1.556189e-08
200,1308,1.539182e-08
200,1309,1.522360e-08
200,1310,1.505722e-08
200,1311,1.489266e-08
200,1312,1.472990e-08
200,1313,1.456892e-08
200,1314,1.440970e-08
200,1315,1.425222e-08
200,1316,1.409645e-08
200,1317,1.394239e-08
200,1318,1.379002e-08
200,1319,1.363931e-08
200,1320,1.349025e-08
200,1321,1.334281e-08
200,1322,1.319699e-08
200,1323,1.305276e-08
200,1324,1.291011e-08
200,1325,1.276901e-08
200,1326,1.262946e-08
200,1327,1.249144e-08
200,1328,1.235492e-08
200,1329,1.221989e-08
200,1330,1.208634e-08
200,1331,1.195425e-08
200,1332,1.182360e-08
200,1333,1.169438e-08
200,1334,1.156658e-08
200,1335,1.144017e-08
200,1336,1.131514e-08
200,1337,1.119147e-08
200,1338,1.106916e-08
200,1339,1.094819e-08
200,1340,1.082854e-08
200,1341,1.071019e-08
200,1342,1.059314e-08
200,1343,1.047737e-08
200,1344,1.036286e-08
200,1345,1.024961e-08
200,1346,1.013759e-08
200,1347,1.002680e-08
200,1348,9.917216e-09
200,1349,9.808832e-09
200,1350,9.701632e-09
200,1351,9.595603e-09
200,1352,9.490733e-09
200,1353,9.387010e-09
200,1354,9.284420e-09
200,1355,9.182951e-09
200,1356,9.082591e-09
200,1357,8.983328e-09
200,1358,8.885150e-09
200,1359,8.788045e-09
200,1360,8.692001e-09
200,1361,8.597006e-09
200,1362,8.503050e-09
200,1363,8.410121e-09
200,1364,8.318207e-09
200,1365,8.227298e-09
200,1366,8.137383e-09
200,1367,8.048450e-09
200,1368,7.960489e-09
200,1369,7.873489e-09
200,1370,7.787440e-09
200,1371,7.702332e-09
200,1372,7.618154e-09
200,1373,7.534895e-09
200,1374,7.452547e-09
200,1375,7.371099e-09
200,1376,7.290540e-09
200,1377,7.210863e-09
200,1378,7.132055e-09
200,1379,7.054110e-09
200,1380,6.977016e-09
200,1381,6.900764e-09
200,1382,6.825346e-09
200,1383,6.750753e-09
200,1384,6.676974e-09
200,1385,6.604002e-09
200,1386,6.531827e-09
200,1387,6.460441e-09
200,1388,6.389836e-09
200,1389,6.320002e-09
200,1390,6.250931e-09
200,1391,6.182615e-09
200,1392,6.115045e-09
200,1393,6.048214e-09
200,1394,5.982114e-09
200,1395,5.916736e-09
200,1396,5.852072e-09
200,1397,5.788115e-09
200,1398,5.724857e-09
200,1399,5.662291e-09
200,1400,5.600408e-09
200,1401,5.539201e-09
200,1402,5.478664e-09
200,1403,5.418788e-09
200,1404,5.359566e-09
200,1405,5.300992e-09
200,1406,5.243058e-09
200,1407,5.185757e-09
200,1408,5.129082e-09
200,1409,5.073027e-09
200,1410,5.017584e-09
200,1411,4.962747e-09
200,1412,4.908509e-09
200,1413,4.854865e-09
200,1414,4.801806e-09
200,1415,4.749328e-09
200,1416,4.697422e-09
200,1417,4.646085e-09
200,1418,4.595308e-09
200,1419,4.545086e-09
200,1420,4.495413e-09
200,1421,4.446283e-09
200,1422,4.397690e-09
200,1423,4.349628e-09
200,1424,4.302091e-09
200,1425,4.255074e-09
200,1426,4.208570e-09
200,1427,4.162575e-09
200,1428,4.117083e-09
200,1429,4.072087e-09
200,1430,4.027584e-09
200,1431,3.983567e-09
200,1432,3.940030e-09
200,1433,3.896970e-09
200,1434,3.854380e-09
200,1435,3.812256e-09
200,1436,3.770592e-09
200,1437,3.729384e-09
200,1438,3.688626e-09
200,1439,3.648313e-09
200,1440,3.608441e-09
200,1441,3.569004e-09
200,1442,3.529999e-09
200,1443,3.491420e-09
200,1444,3.453262e-09
200,1445,3.415522e-09
200,1446,3.378194e-09
200,1447,3.341274e-09
200,1448,3.304757e-09
200,1449,3.268640e-09
200,1450,3.232917e-09
200,1451,3.197585e-09
200,1452,3.162638e-09
200,1453,3.128074e-09
200,1454,3.093888e-09
200,1455,3.060075e-09
200,1456,3.026631e-09
200,1457,2.993553e-09
200,1458,2.960837e-09
200,1459,2.928478e-09
200,1460,2.896473e-09
200,1461,2.864818e-09
200,1462,2.833508e-09
200,1463,2.802541e-09
200,1464,2.771912e-09
200,1465,2.741618e-09
200,1466,2.711655e-09
200,1467,2.682020e-09
200,1468,2.652708e-09
200,1469,2.623717e-09
200,1470,2.595043e-09
200,1471,2.566682e-09
200,1472,2.538630e-09
200,1473,2.510886e-09
200,1474,2.483445e-09
200,1475,2.456303e-09
200,1476,2.429458e-09
200,1477,2.402907e-09
200,1478,2.376646e-09
200,1479,2.350672e-09
200,1480,2.324981e-09
200,1481,2.299572e-09
200,1482,2.274440e-09
200,1483,2.249583e-09
200,1484,2.224997e-09
200,1485,2.200680e-09
200,1486,2.176629e-09
200,1487,2.152841e-09
200,1488,2.129313e-09
200,1489,2.106042e-09
200,1490,2.083025e-09
200,1491,2.060260e-09
200,1492,2.037743e-09
200,1493,2.015473e-09
200,1494,1.993446e-09
200,1495,1.971660e-09
200,1496,1.950111e-09
200,1497,1.928799e-09
200,1498,1.907719e-09
200,1499,1.886870e-09
200,1500,1.866248e-09
200,1501,1.845852e-09
200,1502,1.825679e-09
200,1503,1.805726e-09
200,1504,1.785992e-09
200,1505,1.766473e-09
200,1506,1.747167e-09
200,1507,1.728072e-09
200,1508,1.709186e-09
200,1509,1.690507e-09
200,1510,1.672031e-09
200,1511,1.653758e-09
200,1512,1.635684e-09
200,1513,1.617808e-09
200,1514,1.600127e-09
200,1515,1.582639e-09
200,1516,1.565342e-09
200,1517,1.548235e-09
200,1518,1.531314e-09
200,1519,1.514579e-09
200,1520,1.498026e-09
200,1521,1.481654e-09
200,1522,1.465461e-09
200,1523,1.449445e-09
200,1524,1.433605e-09
200,1525,1.417937e-09
200,1526,1.402440e-09
200,1527,1.387113e-09
200,1528,1.371953e-09
200,1529,1.356959e-09
200,1530,1.342129e-09
200,1531,1.327461e-09
200,1532,1.312953e-09
200,1533,1.298604e-09
200,1534,1.284412e-09
200,1535,1.270375e-09
200,1536,1.256491e-09
200,1537,1.242759e-09
200,1538,1.229177e-09
200,1539,1.215743e-09
200,1540,1.202456e-09
200,1541,1.189315e-09
200,1542,1.176317e-09
200,1543,1.163461e-09
200,1544,1.150746e-09
200,1545,1.138169e-09
200,1546,1.125730e-09
200,1547,1.113427e-09
200,1548,1.101259e-09
200,1549,1.089223e-09
200,1550,1.077319e-09
200,1551,1.065545e-09
200,1552,1.053900e-09
200,1553,1.042382e-09
200,1554,1.030990e-09
200,1555,1.019722e-09
200,1556,1.008578e-09
200,1557,9.975548e-10
200,1558,9.866526e-10
200,1559,9.758696e-10
200,1560,9.652043e-10
200,1561,9.546557e-10
200,1562,9.442223e-10
200,1563,9.339030e-10
200,1564,9.236964e-10
200,1565,9.136014e-10
200,1566,9.036167e-10
200,1567,8.937411e-10
200,1568,8.839735e-10
200,1569,8.743126e-10
200,1570,8.647573e-10
200,1571,8.553064e-10
200,1572,8.459589e-10
200,1573,8.367134e-10
200,1574,8.275690e-10
200,1575,8.185246e-10
200,1576,8.095790e-10
200,1577,8.007312e-10
200,1578,7.919800e-10
200,1579,7.833245e-10
200,1580,7.747636e-10
200,1581,7.662963e-10
200,1582,7.579215e-10
200,1583,7.496382e-10
200,1584,7.414455e-10
200,1585,7.333423e-10
200,1586,7.253276e-10
200,1587,7.174005e-10
200,1588,7.095601e-10
200,1589,7.018054e-10
200,1590,6.941354e-10
200,1591,6.865492e-10
200,1592,6.790460e-10
200,1593,6.716247e-10
200,1594,6.642846e-10
200,1595,6.570247e-10
200,1596,6.498441e-10
200,1597,6.427420e-10
200,1598,6.357175e-10
200,1599,6.287698e-10
200,1600,6.218980e-10
200,1601,6.151013e-10
200,1602,6.083789e-10
200,1603,6.017300e-10
200,1604,5.951537e-10
200,1605,5.886493e-10
200,1606,5.822160e-10
200,1607,5.758530e-10
200,1608,5.695596e-10
200,1609,5.633349e-10
200,1610,5.571782e-10
200,1611,5.510889e-10
200,1612,5.450661e-10
200,1613,5.391091e-10
200,1614,5.332172e-10
200,1615,5.273897e-10
200,1616,5.216259e-10
200,1617,5.159251e-10
200,1618,5.102866e-10
200,1619,5.047097e-10
200,1620,4.991937e-10
200,1621,4.937381e-10
200,1622,4.883420e-10
200,1623,4.830050e-10
200,1624,4.777263e-10
200,1625,4.725052e-10
200,1626,4.673412e-10
200,1627,4.622337e-10
200,1628,4.571820e-10
200,1629,4.521855e-10
200,1630,4.472436e-10
200,1631,4.423557e-10
200,1632,4.375212e-10
200,1633,4.327396e-10
200,1634,4.280102e-10
200,1635,4.233325e-10
200,1636,4.187059e-10
200,1637,4.141299e-10
200,1638,4.096039e-10
200,1639,4.051274e-10
200,1640,4.006998e-10
200,1641,3.963205e-10
200,1642,3.919892e-10
200,1643,3.877051e-10
200,1644,3.834679e-10
200,1645,3.792770e-10
200,1646,3.751320e-10
200,1647,3.710322e-10
200,1648,3.669772e-10
200,1649,3.629665e-10
200,1650,3.589997e-10
200,1651,3.550762e-10
200,1652,3.511956e-10
200,1653,3.473574e-10
200,1654,3.435611e-10
200,1655,3.398064e-10
200,1656,3.360927e-10
200,1657,3.324195e-10
200,1658,3.287865e-10
200,1659,3.251933e-10
200,1660,3.216392e-10
200,1661,3.181241e-10
200,1662,3.146473e-10
200,1663,3.112085e-10
200,1664,3.078074e-10
200,1665,3.044434e-10
200,1666,3.011161e-10
200,1667,2.978252e-10
200,1668,2.945703e-10
200,1669,2.913510e-10
200,1670,2.881668e-10
200,1671,2.850175e-10
200,1672,2.819025e-10
200,1673,2.788217e-10
200,1674,2.757744e-10
200,1675,2.727605e-10
200,1676,2.697795e-10
200,1677,2.668311e-10
200,1678,2.639149e-10
200,1679,2.610306e-10
200,1680,2.581778e-10
200,1681,2.553562e-10
200,1682,2.525655e-10
200,1683,2.498052e-10
200,1684,2.470751e-10
200,1685,2.443748e-10
200,1686,2.417041e-10
200,1687,2.390625e-10
200,1688,2.364498e-10
200,1689,2.338657e-10
200,1690,2.313098e-10
200,1691,2.287818e-10
200,1692,2.262814e-10
200,1693,2.238084e-10
200,1694,2.213624e-10
200,1695,2.189432e-10
200,1696,2.165504e-10
200,1697,2.141837e-10
200,1698,2.118429e-10
200,1699,2.095277e-10
200,1700,2.072378e-10
200,1701,2.049729e-10
200,1702,2.027328e-10
200,1703,2.005171e-10
200,1704,1.983257e-10
200,1705,1.961582e-10
200,1706,1.940144e-10
200,1707,1.918940e-10
200,1708,1.897968e-10
200,1709,1.877225e-10
200,1710,1.856709e-10
200,1711,1.836417e-10
200,1712,1.816347e-10
200,1713,1.796497e-10
200,1714,1.776863e-10
200,1715,1.757444e-10
200,1716,1.738237e-10
200,1717,1.719240e-10
200,1718,1.700450e-10
200,1719,1.681866e-10
200,1720,1.663485e-10
200,1721,1.645305e-10
200,1722,1.627323e-10
200,1723,1.609539e-10
200,1724,1.591948e-10
200,1725,1.574550e-10
200,1726,1.557342e-10
200,1727,1.540321e-10
200,1728,1.523487e-10
200,1729,1.506837e-10
200,1730,1.490369e-10
200,1731,1.474081e-10
200,1732,1.457971e-10
200,1733,1.442037e-10
200,1734,1.426277e-10
200,1735,1.410689e-10
200,1736,1.395272e-10
200,1737,1.380023e-10
200,1738,1.364941e-10
200,1739,1.350024e-10
200,1740,1.335269e-10
200,1741,1.320676e-10
200,1742,1.306243e-10
200,1743,1.291967e-10
200,1744,1.277847e-10
200,1745,1.263881e-10
200,1746,1.250069e-10
200,1747,1.236407e-10
200,1748,1.222894e-10
200,1749,1.209529e-10
200,1750,1.196310e-10
200,1751,1.183236e-10
200,1752,1.170304e-10
200,1753,1.157514e-10
200,1754,1.144864e-10
200,1755,1.132352e-10
200,1756,1.119976e-10
200,1757,1.107736e-10
200,1758,1.095630e-10
200,1759,1.083656e-10
200,1760,1.071812e-10
200,1761,1.060099e-10
200,1762,1.048513e-10
200,1763,1.037054e-10
200,1764,1.025720e-10
200,1765,1.014510e-10
200,1766,1.003422e-10
200,1767,9.924560e-11
200,1768,9.816095e-11
200,1769,9.708816e-11
200,1770,9.602709e-11
200,1771,9.497761e-11
200,1772,9.393961e-11
200,1773,9.291295e-11
200,1774,9.189751e-11
200,1775,9.089317e-11
200,1776,8.989980e-11
200,1777,8.891729e-11
200,1778,8.794552e-11
200,1779,8.698437e-11
200,1780,8.603373e-11
200,1781,8.509347e-11
200,1782,8.416349e-11
200,1783,8.324367e-11
200,1784,8.233391e-11
200,1785,8.143408e-11
200,1786,8.054410e-11
200,1787,7.966384e-11
200,1788,7.879320e-11
200,1789,7.793207e-11
200,1790,7.708036e-11
200,1791,7.623795e-11
200,1792,7.540475e-11
200,1793,7.458066e-11
200,1794,7.376557e-11
200,1795,7.295939e-11
200,1796,7.216202e-11
200,1797,7.137337e-11
200,1798,7.059333e-11
200,1799,6.982182e-11
200,1800,6.905875e-11
200,1801,6.830401e-11
200,1802,6.755752e-11
200,1803,6.681919e-11
200,1804,6.608892e-11
200,1805,6.536664e-11
200,1806,6.465225e-11
200,1807,6.394567e-11
200,1808,6.324682e-11
200,1809,6.255560e-11
200,1810,6.187193e-11
200,1811,6.119574e-11
200,1812,6.052693e-11
200,1813,5.986544e-11
200,1814,5.921117e-11
200,1815,5.856406e-11
200,1816,5.792401e-11
200,1817,5.729097e-11
200,1818,5.666484e-11
200,1819,5.604555e-11
200,1820,5.543303e-11
200,1821,5.482721e-11
200,1822,5.422801e-11
200,1823,5.363535e-11
200,1824,5.304917e-11
200,1825,5.246940e-11
200,1826,5.189597e-11
200,1827,5.132880e-11
200,1828,5.076783e-11
200,1829,5.021299e-11
200,1830,4.966422e-11
200,1831,4.912144e-11
200,1832,4.858460e-11
200,1833,4.805362e-11
200,1834,4.752844e-11
200,1835,4.700901e-11
200,1836,4.649525e-11
200,1837,4.598711e-11
200,1838,4.548452e-11
200,1839,4.498742e-11
200,1840,4.449576e-11
200,1841,4.400946e-11
200,1842,4.352849e-11
200,1843,4.305277e-11
200,1844,4.258225e-11
200,1845,4.211687e-11
200,1846,4.165658e-11
200,1847,4.120131e-11
200,1848,4.075103e-11
200,1849,4.030566e-11
200,1850,3.986516e-11
200,1851,3.942948e-11
200,1852,3.899856e-11
200,1853,3.857235e-11
200,1854,3.815079e-11
200,1855,3.773384e-11
200,1856,3.732145e-11
200,1857,3.691357e-11
200,1858,3.651014e-11
200,1859,3.611113e-11
200,1860,3.571647e-11
200,1861,3.532613e-11
200,1862,3.494005e-11
200,1863,3.455819e-11
200,1864,3.418051e-11
200,1865,3.380695e-11
200,1866,3.343748e-11
200,1867,3.307204e-11
200,1868,3.271060e-11
200,1869,3.235311e-11
200,1870,3.199952e-11
200,1871,3.164980e-11
200,1872,3.130390e-11
200,1873,3.096179e-11
200,1874,3.062341e-11
200,1875,3.028873e-11
200,1876,2.995770e-11
200,1877,2.963030e-11
200,1878,2.930647e-11
200,1879,2.898618e-11
200,1880,2.866939e-11
200,1881,2.835607e-11
200,1882,2.804616e-11
200,1883,2.773965e-11
200,1884,2.743649e-11
200,1885,2.713663e-11
200,1886,2.684006e-11
200,1887,2.654673e-11
200,1888,2.625660e-11
200,1889,2.596964e-11
200,1890,2.568582e-11
200,1891,2.540510e-11
200,1892,2.512745e-11
200,1893,2.485284e-11
200,1894,2.458122e-11
200,1895,2.431257e-11
200,1896,2.404686e-11
200,1897,2.378406e-11
200,1898,2.352412e-11
200,1899,2.326703e-11
200,1900,2.301275e-11
200,1901,2.276124e-11
200,1902,2.251248e-11
200,1903,2.226645e-11
200,1904,2.202310e-11
200,1905,2.178241e-11
200,1906,2.154435e-11
200,1907,2.130889e-11
200,1908,2.107601e-11
200,1909,2.084567e-11
200,1910,2.061785e-11
200,1911,2.039252e-11
200,1912,2.016965e-11
200,1913,1.994922e-11
200,1914,1.973120e-11
200,1915,1.951555e-11
200,1916,1.930227e-11
200,1917,1.909132e-11
200,1918,1.888267e-11
200,1919,1.867630e-11
200,1920,1.847219e-11
200,1921,1.827031e-11
200,1922,1.807063e-11
200,1923,1.787314e-11
200,1924,1.767781e-11
200,1925,1.748461e-11
200,1926,1.729352e-11
200,1927,1.710452e-11
200,1928,1.691759e-11
200,1929,1.673269e-11
200,1930,1.654982e-11
200,1931,1.636895e-11
200,1932,1.619006e-11
200,1933,1.601312e-11
200,1934,1.583811e-11
200,1935,1.566502e-11
200,1936,1.549381e-11
200,1937,1.532448e-11
200,1938,1.515700e-11
200,1939,1.499135e-11
200,1940,1.482751e-11
200,1941,1.466547e-11
200,1942,1.450519e-11
200,1943,1.434666e-11
200,1944,1.418987e-11
200,1945,1.403479e-11
200,1946,1.388140e-11
200,1947,1.372969e-11
200,1948,1.357964e-11
200,1949,1.343123e-11
200,1950,1.328444e-11
200,1951,1.313926e-11
200,1952,1.299566e-11
200,1953,1.285363e-11
200,1954,1.271315e-11
200,1955,1.257421e-11
200,1956,1.243679e-11
200,1957,1.230087e-11
200,1958,1.216643e-11
200,1959,1.203347e-11
200,1960,1.190195e-11
200,1961,1.177188e-11
200,1962,1.164322e-11
200,1963,1.151598e-11
200,1964,1.139012e-11
200,1965,1.126564e-11
200,1966,1.114252e-11
200,1967,1.102074e-11
200,1968,1.090030e-11
200,1969,1.078117e-11
200,1970,1.066334e-11
200,1971,1.054680e-11
200,1972,1.043154e-11
200,1973,1.031753e-11
200,1974,1.020477e-11
200,1975,1.009324e-11
200,1976,9.982935e-12
200,1977,9.873832e-12
200,1978,9.765922e-12
200,1979,9.659191e-12
200,1980,9.553626e-12
200,1981,9.449215e-12
200,1982,9.345945e-12
200,1983,9.243804e-12
200,1984,9.142779e-12
200,1985,9.042858e-12
200,1986,8.944030e-12
200,1987,8.846281e-12
200,1988,8.749601e-12
200,1989,8.653977e-12
200,1990,8.559398e-12
200,1991,8.465853e-12
200,1992,8.373330e-12
200,1993,8.281819e-12
200,1994,8.191307e-12
200,1995,8.101785e-12
200,1996,8.013241e-12
200,1997,7.925665e-12
200,1998,7.839046e-12
200,1999,7.753373e-12
200,2000,7.668637e-12
200,2001,7.584827e-12
200,2002,7.501933e-12
200,2003,7.419945e-12
200,2004,7.338853e-12
200,2005,7.258647e-12
200,2006,7.179318e-12
200,2007,7.100856e-12
200,2008,7.023251e-12
200,2009,6.946494e-12
200,2010,6.870576e-12
200,2011,6.795488e-12
200,2012,6.721221e-12
200,2013,6.647765e-12
200,2014,6.575112e-12
200,2015,6.503253e-12
200,2016,6.432180e-12
200,2017,6.361883e-12
200,2018,6.292354e-12
200,2019,6.223585e-12
200,2020,6.155568e-12
200,2021,6.088294e-12
200,2022,6.021756e-12
200,2023,5.955944e-12
200,2024,5.890852e-12
200,2025,5.826472e-12
200,2026,5.762795e-12
200,2027,5.699813e-12
200,2028,5.637520e-12
200,2029,5.575908e-12
200,2030,5.514970e-12
200,2031,5.454697e-12
200,2032,5.395083e-12
200,2033,5.336120e-12
200,2034,5.277802e-12
200,2035,5.220121e-12
200,2036,5.163071e-12
200,2037,5.106644e-12
200,2038,5.050834e-12
200,2039,4.995634e-12
200,2040,4.941037e-12
200,2041,4.887037e-12
200,2042,4.833627e-12
200,2043,4.780800e-12
200,2044,4.728551e-12
200,2045,4.676873e-12
200,2046,4.625760e-12
200,2047,4.575205e-12
200,2048,4.525203e-12
200,2049,4.475747e-12
200,2050,4.426832e-12
200,2051,4.378452e-12
200,2052,4.330600e-12
200,2053,4.283271e-12
200,2054,4.236460e-12
200,2055,4.190160e-12
200,2056,4.144366e-12
200,2057,4.099072e-12
200,2058,4.054274e-12
200,2059,4.009965e-12
200,2060,3.966140e-12
200,2061,3.922794e-12
200,2062,3.879922e-12
200,2063,3.837519e-12
200,2064,3.795579e-12
200,2065,3.754097e-12
200,2066,3.713069e-12
200,2067,3.672489e-12
200,2068,3.632353e-12
200,2069,3.592655e-12
200,2070,3.553391e-12
200,2071,3.514556e-12
200,2072,3.476146e-12
200,2073,3.438156e-12
200,2074,3.400580e-12
200,2075,3.363415e-12
200,2076,3.326657e-12
200,2077,3.290300e-12
200,2078,3.254341e-12
200,2079,3.218774e-12
200,2080,3.183596e-12
200,2081,3.148803e-12
200,2082,3.114390e-12
200,2083,3.080353e-12
200,2084,3.046688e-12
200,2085,3.013391e-12
200,2086,2.980458e-12
200,2087,2.947885e-12
200,2088,2.915667e-12
200,2089,2.883802e-12
200,2090,2.852285e-12
200,2091,2.821113e-12
200,2092,2.790281e-12
200,2093,2.759786e-12
200,2094,2.729625e-12
200,2095,2.699793e-12
200,2096,2.670287e-12
200,2097,2.641104e-12
200,2098,2.612239e-12
200,2099,2.583690e-12
200,2100,2.555453e-12
200,2101,2.527525e-12
200,2102,2.499902e-12
200,2103,2.472581e-12
200,2104,2.445558e-12
200,2105,2.418831e-12
200,2106,2.392395e-12
200,2107,2.366249e-12
200,2108,2.340388e-12
200,2109,2.314810e-12
200,2110,2.289512e-12
200,2111,2.264490e-12
200,2112,2.239742e-12
200,2113,2.215264e-12
200,2114,2.191053e-12
200,2115,2.167107e-12
200,2116,2.143423e-12
200,2117,2.119998e-12
200,2118,2.096828e-12
200,2119,2.073912e-12
200,2120,2.051247e-12
200,2121,2.028829e-12
